label,title,text
1,Synthetic useful headphones TR0000,"Synthetic smoke review TR0000. The headphones was simple to set up, and the materials felt appropriate under ordinary indoor use. This generated row is only for pipeline verification."
1,Synthetic useful headphones TR0001,"Synthetic smoke review TR0001. The headphones performed reliably, and the finish was consistent under ordinary indoor use. This generated row is only for pipeline verification."
1,Synthetic useful backpack TR0002,"Synthetic smoke review TR0002. The backpack worked as described, and the controls were responsive during a short household trial. This generated row is only for pipeline verification."
1,Synthetic useful charger TR0003,"Synthetic smoke review TR0003. The charger fit the intended space, and the controls were responsive without adding any extra accessories. This generated row is only for pipeline verification."
1,Synthetic useful lamp TR0004,"Synthetic smoke review TR0004. The lamp fit the intended space, and the instructions were clear during a short household trial. This generated row is only for pipeline verification."
0,Synthetic unsuitable notebook TR0005,"Synthetic smoke review TR0005. The notebook arrived in poor condition, and the packaging left a part exposed after several routine checks. This generated row is only for pipeline verification."
1,Synthetic useful organizer TR0006,"Synthetic smoke review TR0006. The organizer felt sturdy, and the materials felt appropriate under ordinary indoor use. This generated row is only for pipeline verification."
1,Synthetic useful organizer TR0007,"Synthetic smoke review TR0007. The organizer fit the intended space, and the finish was consistent under ordinary indoor use. This generated row is only for pipeline verification."
0,Synthetic unsuitable speaker TR0008,"Synthetic smoke review TR0008. The speaker was difficult to set up, and the dimensions did not match the listing after several routine checks. This generated row is only for pipeline verification."
0,Synthetic unsuitable adapter TR0009,"Synthetic smoke review TR0009. The adapter did not fit the intended space, and the instructions were unclear without adding any extra accessories. This generated row is only for pipeline verification."
1,Synthetic useful backpack TR0010,"Synthetic smoke review TR0010. The backpack fit the intended space, and the materials felt appropriate while following the included directions. This generated row is only for pipeline verification."
1,Synthetic useful book TR0011,"Synthetic smoke review TR0011. The book fit the intended space, and the controls were responsive without adding any extra accessories. This generated row is only for pipeline verification."
1,Synthetic useful headphones TR0012,"Synthetic smoke review TR0012. The headphones performed reliably, and the instructions were clear under ordinary indoor use. This generated row is only for pipeline verification."
1,Synthetic useful speaker TR0013,"Synthetic smoke review TR0013. The speaker worked as described, and the materials felt appropriate without adding any extra accessories. This generated row is only for pipeline verification."
0,Synthetic unsuitable headphones TR0014,"Synthetic smoke review TR0014. The headphones performed inconsistently, and the packaging left a part exposed during a short household trial. This generated row is only for pipeline verification."
1,Synthetic useful charger TR0015,"Synthetic smoke review TR0015. The charger performed reliably, and the dimensions matched the listing during a short household trial. This generated row is only for pipeline verification."
0,Synthetic unsuitable lamp TR0016,"Synthetic smoke review TR0016. The lamp arrived in poor condition, and the finish was uneven while following the included directions. This generated row is only for pipeline verification."
1,Synthetic useful lamp TR0017,"Synthetic smoke review TR0017. The lamp was simple to set up, and the packaging protected every part during a short household trial. This generated row is only for pipeline verification."
0,Synthetic unsuitable notebook TR0018,"Synthetic smoke review TR0018. The notebook was difficult to set up, and the finish was uneven after several routine checks. This generated row is only for pipeline verification."
0,Synthetic unsuitable lamp TR0019,"Synthetic smoke review TR0019. The lamp arrived in poor condition, and the controls were unresponsive while following the included directions. This generated row is only for pipeline verification."
1,Synthetic useful lamp TR0020,"Synthetic smoke review TR0020. The lamp fit the intended space, and the instructions were clear after several routine checks. This generated row is only for pipeline verification."
0,Synthetic unsuitable backpack TR0021,"Synthetic smoke review TR0021. The backpack performed inconsistently, and the materials felt unsuitable under ordinary indoor use. This generated row is only for pipeline verification."
1,Synthetic useful cable TR0022,"Synthetic smoke review TR0022. The cable fit the intended space, and the materials felt appropriate without adding any extra accessories. This generated row is only for pipeline verification."
1,Synthetic useful case TR0023,"Synthetic smoke review TR0023. The case performed reliably, and the materials felt appropriate after several routine checks. This generated row is only for pipeline verification."
1,Synthetic useful mug TR0024,"Synthetic smoke review TR0024. The mug was simple to set up, and the finish was consistent during a short household trial. This generated row is only for pipeline verification."
1,Synthetic useful mug TR0025,"Synthetic smoke review TR0025. The mug fit the intended space, and the controls were responsive without adding any extra accessories. This generated row is only for pipeline verification."
0,Synthetic unsuitable organizer TR0026,"Synthetic smoke review TR0026. The organizer arrived in poor condition, and the controls were unresponsive while following the included directions. This generated row is only for pipeline verification."
1,Synthetic useful book TR0027,"Synthetic smoke review TR0027. The book arrived in good condition, and the dimensions matched the listing under ordinary indoor use. This generated row is only for pipeline verification."
0,Synthetic unsuitable organizer TR0028,"Synthetic smoke review TR0028. The organizer arrived in poor condition, and the materials felt unsuitable without adding any extra accessories. This generated row is only for pipeline verification."
0,Synthetic unsuitable charger TR0029,"Synthetic smoke review TR0029. The charger performed inconsistently, and the controls were unresponsive while following the included directions. This generated row is only for pipeline verification."
1,Synthetic useful organizer TR0030,"Synthetic smoke review TR0030. The organizer was simple to set up, and the finish was consistent during a short household trial. This generated row is only for pipeline verification."
1,Synthetic useful book TR0031,"Synthetic smoke review TR0031. The book was simple to set up, and the packaging protected every part during a short household trial. This generated row is only for pipeline verification."
1,Synthetic useful charger TR0032,"Synthetic smoke review TR0032. The charger fit the intended space, and the finish was consistent without adding any extra accessories. This generated row is only for pipeline verification."
0,Synthetic unsuitable backpack TR0033,"Synthetic smoke review TR0033. The backpack did not work as described, and the finish was uneven while following the included directions. This generated row is only for pipeline verification."
0,Synthetic unsuitable notebook TR0034,"Synthetic smoke review TR0034. The notebook performed inconsistently, and the controls were unresponsive during a short household trial. This generated row is only for pipeline verification."
1,Synthetic useful lamp TR0035,"Synthetic smoke review TR0035. The lamp performed reliably, and the controls were responsive after several routine checks. This generated row is only for pipeline verification."
0,Synthetic unsuitable case TR0036,"Synthetic smoke review TR0036. The case felt fragile, and the instructions were unclear under ordinary indoor use. This generated row is only for pipeline verification."
0,Synthetic unsuitable backpack TR0037,"Synthetic smoke review TR0037. The backpack did not work as described, and the packaging left a part exposed while following the included directions. This generated row is only for pipeline verification."
1,Synthetic useful backpack TR0038,"Synthetic smoke review TR0038. The backpack arrived in good condition, and the instructions were clear without adding any extra accessories. This generated row is only for pipeline verification."
1,Synthetic useful mug TR0039,"Synthetic smoke review TR0039. The mug worked as described, and the finish was consistent under ordinary indoor use. This generated row is only for pipeline verification."
0,Synthetic unsuitable organizer TR0040,"Synthetic smoke review TR0040. The organizer performed inconsistently, and the packaging left a part exposed under ordinary indoor use. This generated row is only for pipeline verification."
0,Synthetic unsuitable charger TR0041,"Synthetic smoke review TR0041. The charger arrived in poor condition, and the instructions were unclear after several routine checks. This generated row is only for pipeline verification."
1,Synthetic useful book TR0042,"Synthetic smoke review TR0042. The book performed reliably, and the controls were responsive during a short household trial. This generated row is only for pipeline verification."
1,Synthetic useful notebook TR0043,"Synthetic smoke review TR0043. The notebook worked as described, and the finish was consistent under ordinary indoor use. This generated row is only for pipeline verification."
1,Synthetic useful headphones TR0044,"Synthetic smoke review TR0044. The headphones performed reliably, and the controls were responsive after several routine checks. This generated row is only for pipeline verification."
1,Synthetic useful cable TR0045,"Synthetic smoke review TR0045. The cable fit the intended space, and the instructions were clear after several routine checks. This generated row is only for pipeline verification."
0,Synthetic unsuitable backpack TR0046,"Synthetic smoke review TR0046. The backpack did not fit the intended space, and the materials felt unsuitable while following the included directions. This generated row is only for pipeline verification."
0,Synthetic unsuitable charger TR0047,"Synthetic smoke review TR0047. The charger felt fragile, and the finish was uneven while following the included directions. This generated row is only for pipeline verification."
0,Synthetic unsuitable organizer TR0048,"Synthetic smoke review TR0048. The organizer arrived in poor condition, and the instructions were unclear without adding any extra accessories. This generated row is only for pipeline verification."
1,Synthetic useful case TR0049,"Synthetic smoke review TR0049. The case was simple to set up, and the finish was consistent during a short household trial. This generated row is only for pipeline verification."
1,Synthetic useful lamp TR0050,"Synthetic smoke review TR0050. The lamp performed reliably, and the instructions were clear during a short household trial. This generated row is only for pipeline verification."
1,Synthetic useful organizer TR0051,"Synthetic smoke review TR0051. The organizer worked as described, and the controls were responsive under ordinary indoor use. This generated row is only for pipeline verification."
0,Synthetic unsuitable adapter TR0052,"Synthetic smoke review TR0052. The adapter was difficult to set up, and the instructions were unclear under ordinary indoor use. This generated row is only for pipeline verification."
1,Synthetic useful speaker TR0053,"Synthetic smoke review TR0053. The speaker arrived in good condition, and the dimensions matched the listing while following the included directions. This generated row is only for pipeline verification."
0,Synthetic unsuitable adapter TR0054,"Synthetic smoke review TR0054. The adapter was difficult to set up, and the dimensions did not match the listing while following the included directions. This generated row is only for pipeline verification."
1,Synthetic useful adapter TR0055,"Synthetic smoke review TR0055. The adapter worked as described, and the instructions were clear during a short household trial. This generated row is only for pipeline verification."
0,Synthetic unsuitable mug TR0056,"Synthetic smoke review TR0056. The mug was difficult to set up, and the materials felt unsuitable without adding any extra accessories. This generated row is only for pipeline verification."
0,Synthetic unsuitable book TR0057,"Synthetic smoke review TR0057. The book was difficult to set up, and the instructions were unclear during a short household trial. This generated row is only for pipeline verification."
1,Synthetic useful cable TR0058,"Synthetic smoke review TR0058. The cable worked as described, and the instructions were clear after several routine checks. This generated row is only for pipeline verification."
1,Synthetic useful cable TR0059,"Synthetic smoke review TR0059. The cable fit the intended space, and the instructions were clear during a short household trial. This generated row is only for pipeline verification."
1,Synthetic useful backpack TR0060,"Synthetic smoke review TR0060. The backpack was simple to set up, and the controls were responsive during a short household trial. This generated row is only for pipeline verification."
0,Synthetic unsuitable book TR0061,"Synthetic smoke review TR0061. The book felt fragile, and the dimensions did not match the listing after several routine checks. This generated row is only for pipeline verification."
1,Synthetic useful backpack TR0062,"Synthetic smoke review TR0062. The backpack worked as described, and the finish was consistent under ordinary indoor use. This generated row is only for pipeline verification."
0,Synthetic unsuitable cable TR0063,"Synthetic smoke review TR0063. The cable arrived in poor condition, and the instructions were unclear during a short household trial. This generated row is only for pipeline verification."
0,Synthetic unsuitable notebook TR0064,"Synthetic smoke review TR0064. The notebook did not work as described, and the controls were unresponsive without adding any extra accessories. This generated row is only for pipeline verification."
0,Synthetic unsuitable notebook TR0065,"Synthetic smoke review TR0065. The notebook arrived in poor condition, and the dimensions did not match the listing under ordinary indoor use. This generated row is only for pipeline verification."
1,Synthetic useful case TR0066,"Synthetic smoke review TR0066. The case was simple to set up, and the dimensions matched the listing under ordinary indoor use. This generated row is only for pipeline verification."
1,Synthetic useful notebook TR0067,"Synthetic smoke review TR0067. The notebook felt sturdy, and the finish was consistent after several routine checks. This generated row is only for pipeline verification."
0,Synthetic unsuitable lamp TR0068,"Synthetic smoke review TR0068. The lamp arrived in poor condition, and the instructions were unclear while following the included directions. This generated row is only for pipeline verification."
0,Synthetic unsuitable lamp TR0069,"Synthetic smoke review TR0069. The lamp was difficult to set up, and the materials felt unsuitable under ordinary indoor use. This generated row is only for pipeline verification."
1,Synthetic useful mug TR0070,"Synthetic smoke review TR0070. The mug worked as described, and the dimensions matched the listing under ordinary indoor use. This generated row is only for pipeline verification."
0,Synthetic unsuitable cable TR0071,"Synthetic smoke review TR0071. The cable felt fragile, and the controls were unresponsive while following the included directions. This generated row is only for pipeline verification."
0,Synthetic unsuitable charger TR0072,"Synthetic smoke review TR0072. The charger performed inconsistently, and the packaging left a part exposed under ordinary indoor use. This generated row is only for pipeline verification."
1,Synthetic useful backpack TR0073,"Synthetic smoke review TR0073. The backpack arrived in good condition, and the packaging protected every part while following the included directions. This generated row is only for pipeline verification."
1,Synthetic useful organizer TR0074,"Synthetic smoke review TR0074. The organizer fit the intended space, and the controls were responsive after several routine checks. This generated row is only for pipeline verification."
0,Synthetic unsuitable case TR0075,"Synthetic smoke review TR0075. The case performed inconsistently, and the packaging left a part exposed without adding any extra accessories. This generated row is only for pipeline verification."
1,Synthetic useful notebook TR0076,"Synthetic smoke review TR0076. The notebook was simple to set up, and the materials felt appropriate after several routine checks. This generated row is only for pipeline verification."
1,Synthetic useful book TR0077,"Synthetic smoke review TR0077. The book performed reliably, and the dimensions matched the listing under ordinary indoor use. This generated row is only for pipeline verification."
1,Synthetic useful mug TR0078,"Synthetic smoke review TR0078. The mug felt sturdy, and the dimensions matched the listing after several routine checks. This generated row is only for pipeline verification."
1,Synthetic useful charger TR0079,"Synthetic smoke review TR0079. The charger was simple to set up, and the packaging protected every part while following the included directions. This generated row is only for pipeline verification."
1,Synthetic useful speaker TR0080,"Synthetic smoke review TR0080. The speaker felt sturdy, and the dimensions matched the listing after several routine checks. This generated row is only for pipeline verification."
1,Synthetic useful speaker TR0081,"Synthetic smoke review TR0081. The speaker fit the intended space, and the controls were responsive under ordinary indoor use. This generated row is only for pipeline verification."
0,Synthetic unsuitable book TR0082,"Synthetic smoke review TR0082. The book felt fragile, and the controls were unresponsive during a short household trial. This generated row is only for pipeline verification."
0,Synthetic unsuitable mug TR0083,"Synthetic smoke review TR0083. The mug was difficult to set up, and the finish was uneven during a short household trial. This generated row is only for pipeline verification."
1,Synthetic useful charger TR0084,"Synthetic smoke review TR0084. The charger arrived in good condition, and the packaging protected every part without adding any extra accessories. This generated row is only for pipeline verification."
0,Synthetic unsuitable book TR0085,"Synthetic smoke review TR0085. The book arrived in poor condition, and the dimensions did not match the listing while following the included directions. This generated row is only for pipeline verification."
0,Synthetic unsuitable book TR0086,"Synthetic smoke review TR0086. The book felt fragile, and the dimensions did not match the listing during a short household trial. This generated row is only for pipeline verification."
1,Synthetic useful backpack TR0087,"Synthetic smoke review TR0087. The backpack worked as described, and the controls were responsive while following the included directions. This generated row is only for pipeline verification."
1,Synthetic useful book TR0088,"Synthetic smoke review TR0088. The book performed reliably, and the instructions were clear while following the included directions. This generated row is only for pipeline verification."
1,Synthetic useful mug TR0089,"Synthetic smoke review TR0089. The mug felt sturdy, and the materials felt appropriate during a short household trial. This generated row is only for pipeline verification."
1,Synthetic useful notebook TR0090,"Synthetic smoke review TR0090. The notebook performed reliably, and the materials felt appropriate under ordinary indoor use. This generated row is only for pipeline verification."
1,Synthetic useful case TR0091,"Synthetic smoke review TR0091. The case was simple to set up, and the controls were responsive after several routine checks. This generated row is only for pipeline verification."
0,Synthetic unsuitable backpack TR0092,"Synthetic smoke review TR0092. The backpack performed inconsistently, and the finish was uneven after several routine checks. This generated row is only for pipeline verification."
1,Synthetic useful headphones TR0093,"Synthetic smoke review TR0093. The headphones worked as described, and the dimensions matched the listing during a short household trial. This generated row is only for pipeline verification."
1,Synthetic useful book TR0094,"Synthetic smoke review TR0094. The book was simple to set up, and the materials felt appropriate without adding any extra accessories. This generated row is only for pipeline verification."
0,Synthetic unsuitable cable TR0095,"Synthetic smoke review TR0095. The cable was difficult to set up, and the dimensions did not match the listing while following the included directions. This generated row is only for pipeline verification."
0,Synthetic unsuitable cable TR0096,"Synthetic smoke review TR0096. The cable was difficult to set up, and the packaging left a part exposed while following the included directions. This generated row is only for pipeline verification."
1,Synthetic useful lamp TR0097,"Synthetic smoke review TR0097. The lamp was simple to set up, and the controls were responsive while following the included directions. This generated row is only for pipeline verification."
1,Synthetic useful organizer TR0098,"Synthetic smoke review TR0098. The organizer performed reliably, and the finish was consistent after several routine checks. This generated row is only for pipeline verification."
1,Synthetic useful organizer TR0099,"Synthetic smoke review TR0099. The organizer performed reliably, and the finish was consistent during a short household trial. This generated row is only for pipeline verification."
0,Synthetic unsuitable case TR0100,"Synthetic smoke review TR0100. The case felt fragile, and the finish was uneven under ordinary indoor use. This generated row is only for pipeline verification."
0,Synthetic unsuitable charger TR0101,"Synthetic smoke review TR0101. The charger did not work as described, and the packaging left a part exposed while following the included directions. This generated row is only for pipeline verification."
1,Synthetic useful cable TR0102,"Synthetic smoke review TR0102. The cable performed reliably, and the controls were responsive without adding any extra accessories. This generated row is only for pipeline verification."
0,Synthetic unsuitable book TR0103,"Synthetic smoke review TR0103. The book did not fit the intended space, and the dimensions did not match the listing after several routine checks. This generated row is only for pipeline verification."
1,Synthetic useful lamp TR0104,"Synthetic smoke review TR0104. The lamp worked as described, and the materials felt appropriate without adding any extra accessories. This generated row is only for pipeline verification."
0,Synthetic unsuitable headphones TR0105,"Synthetic smoke review TR0105. The headphones performed inconsistently, and the materials felt unsuitable during a short household trial. This generated row is only for pipeline verification."
1,Synthetic useful headphones TR0106,"Synthetic smoke review TR0106. The headphones performed reliably, and the packaging protected every part after several routine checks. This generated row is only for pipeline verification."
0,Synthetic unsuitable case TR0107,"Synthetic smoke review TR0107. The case felt fragile, and the instructions were unclear while following the included directions. This generated row is only for pipeline verification."
0,Synthetic unsuitable cable TR0108,"Synthetic smoke review TR0108. The cable arrived in poor condition, and the finish was uneven during a short household trial. This generated row is only for pipeline verification."
0,Synthetic unsuitable adapter TR0109,"Synthetic smoke review TR0109. The adapter did not work as described, and the packaging left a part exposed without adding any extra accessories. This generated row is only for pipeline verification."
0,Synthetic unsuitable headphones TR0110,"Synthetic smoke review TR0110. The headphones performed inconsistently, and the controls were unresponsive after several routine checks. This generated row is only for pipeline verification."
1,Synthetic useful case TR0111,"Synthetic smoke review TR0111. The case felt sturdy, and the dimensions matched the listing under ordinary indoor use. This generated row is only for pipeline verification."
0,Synthetic unsuitable cable TR0112,"Synthetic smoke review TR0112. The cable felt fragile, and the controls were unresponsive under ordinary indoor use. This generated row is only for pipeline verification."
0,Synthetic unsuitable notebook TR0113,"Synthetic smoke review TR0113. The notebook was difficult to set up, and the packaging left a part exposed without adding any extra accessories. This generated row is only for pipeline verification."
0,Synthetic unsuitable headphones TR0114,"Synthetic smoke review TR0114. The headphones was difficult to set up, and the dimensions did not match the listing during a short household trial. This generated row is only for pipeline verification."
0,Synthetic unsuitable notebook TR0115,"Synthetic smoke review TR0115. The notebook was difficult to set up, and the controls were unresponsive while following the included directions. This generated row is only for pipeline verification."
0,Synthetic unsuitable adapter TR0116,"Synthetic smoke review TR0116. The adapter was difficult to set up, and the controls were unresponsive under ordinary indoor use. This generated row is only for pipeline verification."
0,Synthetic unsuitable mug TR0117,"Synthetic smoke review TR0117. The mug felt fragile, and the instructions were unclear under ordinary indoor use. This generated row is only for pipeline verification."
0,Synthetic unsuitable headphones TR0118,"Synthetic smoke review TR0118. The headphones did not work as described, and the finish was uneven under ordinary indoor use. This generated row is only for pipeline verification."
1,Synthetic useful speaker TR0119,"Synthetic smoke review TR0119. The speaker performed reliably, and the controls were responsive after several routine checks. This generated row is only for pipeline verification."
0,Synthetic unsuitable mug TR0120,"Synthetic smoke review TR0120. The mug was difficult to set up, and the finish was uneven after several routine checks. This generated row is only for pipeline verification."
1,Synthetic useful backpack TR0121,"Synthetic smoke review TR0121. The backpack felt sturdy, and the dimensions matched the listing without adding any extra accessories. This generated row is only for pipeline verification."
0,Synthetic unsuitable case TR0122,"Synthetic smoke review TR0122. The case did not work as described, and the finish was uneven while following the included directions. This generated row is only for pipeline verification."
1,Synthetic useful speaker TR0123,"Synthetic smoke review TR0123. The speaker worked as described, and the finish was consistent while following the included directions. This generated row is only for pipeline verification."
0,Synthetic unsuitable book TR0124,"Synthetic smoke review TR0124. The book felt fragile, and the packaging left a part exposed while following the included directions. This generated row is only for pipeline verification."
0,Synthetic unsuitable cable TR0125,"Synthetic smoke review TR0125. The cable felt fragile, and the instructions were unclear during a short household trial. This generated row is only for pipeline verification."
0,Synthetic unsuitable speaker TR0126,"Synthetic smoke review TR0126. The speaker performed inconsistently, and the packaging left a part exposed without adding any extra accessories. This generated row is only for pipeline verification."
1,Synthetic useful charger TR0127,"Synthetic smoke review TR0127. The charger performed reliably, and the finish was consistent during a short household trial. This generated row is only for pipeline verification."
0,Synthetic unsuitable speaker TR0128,"Synthetic smoke review TR0128. The speaker felt fragile, and the controls were unresponsive without adding any extra accessories. This generated row is only for pipeline verification."
1,Synthetic useful adapter TR0129,"Synthetic smoke review TR0129. The adapter felt sturdy, and the instructions were clear without adding any extra accessories. This generated row is only for pipeline verification."
1,Synthetic useful notebook TR0130,"Synthetic smoke review TR0130. The notebook was simple to set up, and the controls were responsive during a short household trial. This generated row is only for pipeline verification."
0,Synthetic unsuitable mug TR0131,"Synthetic smoke review TR0131. The mug did not fit the intended space, and the controls were unresponsive while following the included directions. This generated row is only for pipeline verification."
1,Synthetic useful headphones TR0132,"Synthetic smoke review TR0132. The headphones felt sturdy, and the dimensions matched the listing after several routine checks. This generated row is only for pipeline verification."
1,Synthetic useful charger TR0133,"Synthetic smoke review TR0133. The charger fit the intended space, and the instructions were clear under ordinary indoor use. This generated row is only for pipeline verification."
1,Synthetic useful speaker TR0134,"Synthetic smoke review TR0134. The speaker felt sturdy, and the finish was consistent without adding any extra accessories. This generated row is only for pipeline verification."
1,Synthetic useful charger TR0135,"Synthetic smoke review TR0135. The charger arrived in good condition, and the packaging protected every part after several routine checks. This generated row is only for pipeline verification."
0,Synthetic unsuitable case TR0136,"Synthetic smoke review TR0136. The case arrived in poor condition, and the controls were unresponsive after several routine checks. This generated row is only for pipeline verification."
1,Synthetic useful backpack TR0137,"Synthetic smoke review TR0137. The backpack felt sturdy, and the dimensions matched the listing under ordinary indoor use. This generated row is only for pipeline verification."
0,Synthetic unsuitable backpack TR0138,"Synthetic smoke review TR0138. The backpack felt fragile, and the materials felt unsuitable after several routine checks. This generated row is only for pipeline verification."
0,Synthetic unsuitable cable TR0139,"Synthetic smoke review TR0139. The cable arrived in poor condition, and the dimensions did not match the listing without adding any extra accessories. This generated row is only for pipeline verification."
1,Synthetic useful book TR0140,"Synthetic smoke review TR0140. The book worked as described, and the materials felt appropriate during a short household trial. This generated row is only for pipeline verification."
1,Synthetic useful charger TR0141,"Synthetic smoke review TR0141. The charger felt sturdy, and the packaging protected every part during a short household trial. This generated row is only for pipeline verification."
1,Synthetic useful backpack TR0142,"Synthetic smoke review TR0142. The backpack performed reliably, and the dimensions matched the listing during a short household trial. This generated row is only for pipeline verification."
0,Synthetic unsuitable adapter TR0143,"Synthetic smoke review TR0143. The adapter performed inconsistently, and the packaging left a part exposed without adding any extra accessories. This generated row is only for pipeline verification."
1,Synthetic useful case TR0144,"Synthetic smoke review TR0144. The case performed reliably, and the controls were responsive without adding any extra accessories. This generated row is only for pipeline verification."
0,Synthetic unsuitable notebook TR0145,"Synthetic smoke review TR0145. The notebook did not work as described, and the materials felt unsuitable without adding any extra accessories. This generated row is only for pipeline verification."
1,Synthetic useful headphones TR0146,"Synthetic smoke review TR0146. The headphones was simple to set up, and the packaging protected every part without adding any extra accessories. This generated row is only for pipeline verification."
0,Synthetic unsuitable case TR0147,"Synthetic smoke review TR0147. The case performed inconsistently, and the dimensions did not match the listing after several routine checks. This generated row is only for pipeline verification."
1,Synthetic useful mug TR0148,"Synthetic smoke review TR0148. The mug worked as described, and the dimensions matched the listing during a short household trial. This generated row is only for pipeline verification."
0,Synthetic unsuitable organizer TR0149,"Synthetic smoke review TR0149. The organizer did not work as described, and the dimensions did not match the listing after several routine checks. This generated row is only for pipeline verification."
0,Synthetic unsuitable notebook TR0150,"Synthetic smoke review TR0150. The notebook did not work as described, and the dimensions did not match the listing after several routine checks. This generated row is only for pipeline verification."
0,Synthetic unsuitable book TR0151,"Synthetic smoke review TR0151. The book did not fit the intended space, and the finish was uneven without adding any extra accessories. This generated row is only for pipeline verification."
0,Synthetic unsuitable mug TR0152,"Synthetic smoke review TR0152. The mug did not fit the intended space, and the finish was uneven during a short household trial. This generated row is only for pipeline verification."
0,Synthetic unsuitable mug TR0153,"Synthetic smoke review TR0153. The mug felt fragile, and the materials felt unsuitable without adding any extra accessories. This generated row is only for pipeline verification."
1,Synthetic useful notebook TR0154,"Synthetic smoke review TR0154. The notebook fit the intended space, and the instructions were clear under ordinary indoor use. This generated row is only for pipeline verification."
1,Synthetic useful case TR0155,"Synthetic smoke review TR0155. The case fit the intended space, and the controls were responsive without adding any extra accessories. This generated row is only for pipeline verification."
1,Synthetic useful mug TR0156,"Synthetic smoke review TR0156. The mug worked as described, and the packaging protected every part after several routine checks. This generated row is only for pipeline verification."
1,Synthetic useful backpack TR0157,"Synthetic smoke review TR0157. The backpack performed reliably, and the instructions were clear without adding any extra accessories. This generated row is only for pipeline verification."
0,Synthetic unsuitable cable TR0158,"Synthetic smoke review TR0158. The cable arrived in poor condition, and the finish was uneven without adding any extra accessories. This generated row is only for pipeline verification."
1,Synthetic useful lamp TR0159,"Synthetic smoke review TR0159. The lamp felt sturdy, and the materials felt appropriate after several routine checks. This generated row is only for pipeline verification."
1,Synthetic useful lamp TR0160,"Synthetic smoke review TR0160. The lamp arrived in good condition, and the finish was consistent during a short household trial. This generated row is only for pipeline verification."
1,Synthetic useful charger TR0161,"Synthetic smoke review TR0161. The charger arrived in good condition, and the dimensions matched the listing without adding any extra accessories. This generated row is only for pipeline verification."
1,Synthetic useful backpack TR0162,"Synthetic smoke review TR0162. The backpack arrived in good condition, and the packaging protected every part during a short household trial. This generated row is only for pipeline verification."
0,Synthetic unsuitable speaker TR0163,"Synthetic smoke review TR0163. The speaker felt fragile, and the controls were unresponsive without adding any extra accessories. This generated row is only for pipeline verification."
1,Synthetic useful adapter TR0164,"Synthetic smoke review TR0164. The adapter felt sturdy, and the dimensions matched the listing during a short household trial. This generated row is only for pipeline verification."
1,Synthetic useful case TR0165,"Synthetic smoke review TR0165. The case fit the intended space, and the materials felt appropriate without adding any extra accessories. This generated row is only for pipeline verification."
0,Synthetic unsuitable adapter TR0166,"Synthetic smoke review TR0166. The adapter performed inconsistently, and the dimensions did not match the listing under ordinary indoor use. This generated row is only for pipeline verification."
1,Synthetic useful notebook TR0167,"Synthetic smoke review TR0167. The notebook performed reliably, and the packaging protected every part after several routine checks. This generated row is only for pipeline verification."
1,Synthetic useful headphones TR0168,"Synthetic smoke review TR0168. The headphones worked as described, and the dimensions matched the listing while following the included directions. This generated row is only for pipeline verification."
0,Synthetic unsuitable adapter TR0169,"Synthetic smoke review TR0169. The adapter did not fit the intended space, and the materials felt unsuitable while following the included directions. This generated row is only for pipeline verification."
0,Synthetic unsuitable case TR0170,"Synthetic smoke review TR0170. The case performed inconsistently, and the dimensions did not match the listing during a short household trial. This generated row is only for pipeline verification."
1,Synthetic useful book TR0171,"Synthetic smoke review TR0171. The book was simple to set up, and the materials felt appropriate after several routine checks. This generated row is only for pipeline verification."
1,Synthetic useful cable TR0172,"Synthetic smoke review TR0172. The cable felt sturdy, and the packaging protected every part under ordinary indoor use. This generated row is only for pipeline verification."
0,Synthetic unsuitable charger TR0173,"Synthetic smoke review TR0173. The charger arrived in poor condition, and the controls were unresponsive during a short household trial. This generated row is only for pipeline verification."
0,Synthetic unsuitable organizer TR0174,"Synthetic smoke review TR0174. The organizer arrived in poor condition, and the instructions were unclear while following the included directions. This generated row is only for pipeline verification."
1,Synthetic useful organizer TR0175,"Synthetic smoke review TR0175. The organizer fit the intended space, and the dimensions matched the listing without adding any extra accessories. This generated row is only for pipeline verification."
0,Synthetic unsuitable charger TR0176,"Synthetic smoke review TR0176. The charger was difficult to set up, and the packaging left a part exposed while following the included directions. This generated row is only for pipeline verification."
0,Synthetic unsuitable mug TR0177,"Synthetic smoke review TR0177. The mug arrived in poor condition, and the instructions were unclear while following the included directions. This generated row is only for pipeline verification."
0,Synthetic unsuitable lamp TR0178,"Synthetic smoke review TR0178. The lamp did not fit the intended space, and the packaging left a part exposed without adding any extra accessories. This generated row is only for pipeline verification."
1,Synthetic useful organizer TR0179,"Synthetic smoke review TR0179. The organizer arrived in good condition, and the instructions were clear while following the included directions. This generated row is only for pipeline verification."
0,Synthetic unsuitable charger TR0180,"Synthetic smoke review TR0180. The charger arrived in poor condition, and the dimensions did not match the listing after several routine checks. This generated row is only for pipeline verification."
0,Synthetic unsuitable adapter TR0181,"Synthetic smoke review TR0181. The adapter arrived in poor condition, and the materials felt unsuitable while following the included directions. This generated row is only for pipeline verification."
1,Synthetic useful headphones TR0182,"Synthetic smoke review TR0182. The headphones fit the intended space, and the controls were responsive without adding any extra accessories. This generated row is only for pipeline verification."
0,Synthetic unsuitable lamp TR0183,"Synthetic smoke review TR0183. The lamp was difficult to set up, and the materials felt unsuitable under ordinary indoor use. This generated row is only for pipeline verification."
1,Synthetic useful headphones TR0184,"Synthetic smoke review TR0184. The headphones was simple to set up, and the dimensions matched the listing while following the included directions. This generated row is only for pipeline verification."
0,Synthetic unsuitable backpack TR0185,"Synthetic smoke review TR0185. The backpack felt fragile, and the controls were unresponsive during a short household trial. This generated row is only for pipeline verification."
0,Synthetic unsuitable organizer TR0186,"Synthetic smoke review TR0186. The organizer felt fragile, and the finish was uneven during a short household trial. This generated row is only for pipeline verification."
0,Synthetic unsuitable charger TR0187,"Synthetic smoke review TR0187. The charger was difficult to set up, and the instructions were unclear under ordinary indoor use. This generated row is only for pipeline verification."
0,Synthetic unsuitable book TR0188,"Synthetic smoke review TR0188. The book performed inconsistently, and the finish was uneven without adding any extra accessories. This generated row is only for pipeline verification."
0,Synthetic unsuitable backpack TR0189,"Synthetic smoke review TR0189. The backpack felt fragile, and the packaging left a part exposed during a short household trial. This generated row is only for pipeline verification."
1,Synthetic useful notebook TR0190,"Synthetic smoke review TR0190. The notebook performed reliably, and the instructions were clear after several routine checks. This generated row is only for pipeline verification."
1,Synthetic useful backpack TR0191,"Synthetic smoke review TR0191. The backpack felt sturdy, and the instructions were clear during a short household trial. This generated row is only for pipeline verification."
0,Synthetic unsuitable case TR0192,"Synthetic smoke review TR0192. The case arrived in poor condition, and the packaging left a part exposed during a short household trial. This generated row is only for pipeline verification."
0,Synthetic unsuitable cable TR0193,"Synthetic smoke review TR0193. The cable did not work as described, and the instructions were unclear without adding any extra accessories. This generated row is only for pipeline verification."
1,Synthetic useful adapter TR0194,"Synthetic smoke review TR0194. The adapter felt sturdy, and the finish was consistent while following the included directions. This generated row is only for pipeline verification."
0,Synthetic unsuitable charger TR0195,"Synthetic smoke review TR0195. The charger felt fragile, and the dimensions did not match the listing without adding any extra accessories. This generated row is only for pipeline verification."
1,Synthetic useful charger TR0196,"Synthetic smoke review TR0196. The charger arrived in good condition, and the finish was consistent during a short household trial. This generated row is only for pipeline verification."
0,Synthetic unsuitable organizer TR0197,"Synthetic smoke review TR0197. The organizer was difficult to set up, and the instructions were unclear after several routine checks. This generated row is only for pipeline verification."
0,Synthetic unsuitable adapter TR0198,"Synthetic smoke review TR0198. The adapter did not fit the intended space, and the dimensions did not match the listing under ordinary indoor use. This generated row is only for pipeline verification."
1,Synthetic useful headphones TR0199,"Synthetic smoke review TR0199. The headphones was simple to set up, and the finish was consistent while following the included directions. This generated row is only for pipeline verification."
0,Synthetic unsuitable organizer TR0200,"Synthetic smoke review TR0200. The organizer did not work as described, and the instructions were unclear under ordinary indoor use. This generated row is only for pipeline verification."
0,Synthetic unsuitable cable TR0201,"Synthetic smoke review TR0201. The cable did not work as described, and the finish was uneven without adding any extra accessories. This generated row is only for pipeline verification."
0,Synthetic unsuitable book TR0202,"Synthetic smoke review TR0202. The book did not fit the intended space, and the dimensions did not match the listing after several routine checks. This generated row is only for pipeline verification."
0,Synthetic unsuitable cable TR0203,"Synthetic smoke review TR0203. The cable did not work as described, and the finish was uneven during a short household trial. This generated row is only for pipeline verification."
1,Synthetic useful adapter TR0204,"Synthetic smoke review TR0204. The adapter performed reliably, and the controls were responsive without adding any extra accessories. This generated row is only for pipeline verification."
1,Synthetic useful speaker TR0205,"Synthetic smoke review TR0205. The speaker was simple to set up, and the finish was consistent during a short household trial. This generated row is only for pipeline verification."
1,Synthetic useful backpack TR0206,"Synthetic smoke review TR0206. The backpack performed reliably, and the controls were responsive after several routine checks. This generated row is only for pipeline verification."
1,Synthetic useful backpack TR0207,"Synthetic smoke review TR0207. The backpack performed reliably, and the finish was consistent after several routine checks. This generated row is only for pipeline verification."
0,Synthetic unsuitable notebook TR0208,"Synthetic smoke review TR0208. The notebook did not fit the intended space, and the materials felt unsuitable after several routine checks. This generated row is only for pipeline verification."
0,Synthetic unsuitable mug TR0209,"Synthetic smoke review TR0209. The mug felt fragile, and the dimensions did not match the listing under ordinary indoor use. This generated row is only for pipeline verification."
0,Synthetic unsuitable mug TR0210,"Synthetic smoke review TR0210. The mug arrived in poor condition, and the packaging left a part exposed under ordinary indoor use. This generated row is only for pipeline verification."
1,Synthetic useful notebook TR0211,"Synthetic smoke review TR0211. The notebook felt sturdy, and the finish was consistent after several routine checks. This generated row is only for pipeline verification."
0,Synthetic unsuitable cable TR0212,"Synthetic smoke review TR0212. The cable did not work as described, and the instructions were unclear under ordinary indoor use. This generated row is only for pipeline verification."
0,Synthetic unsuitable notebook TR0213,"Synthetic smoke review TR0213. The notebook did not fit the intended space, and the dimensions did not match the listing without adding any extra accessories. This generated row is only for pipeline verification."
0,Synthetic unsuitable book TR0214,"Synthetic smoke review TR0214. The book felt fragile, and the finish was uneven during a short household trial. This generated row is only for pipeline verification."
0,Synthetic unsuitable mug TR0215,"Synthetic smoke review TR0215. The mug arrived in poor condition, and the dimensions did not match the listing under ordinary indoor use. This generated row is only for pipeline verification."
1,Synthetic useful backpack TR0216,"Synthetic smoke review TR0216. The backpack worked as described, and the instructions were clear under ordinary indoor use. This generated row is only for pipeline verification."
0,Synthetic unsuitable mug TR0217,"Synthetic smoke review TR0217. The mug was difficult to set up, and the controls were unresponsive while following the included directions. This generated row is only for pipeline verification."
1,Synthetic useful charger TR0218,"Synthetic smoke review TR0218. The charger felt sturdy, and the packaging protected every part during a short household trial. This generated row is only for pipeline verification."
1,Synthetic useful backpack TR0219,"Synthetic smoke review TR0219. The backpack performed reliably, and the packaging protected every part after several routine checks. This generated row is only for pipeline verification."
1,Synthetic useful case TR0220,"Synthetic smoke review TR0220. The case felt sturdy, and the dimensions matched the listing after several routine checks. This generated row is only for pipeline verification."
1,Synthetic useful charger TR0221,"Synthetic smoke review TR0221. The charger felt sturdy, and the packaging protected every part while following the included directions. This generated row is only for pipeline verification."
0,Synthetic unsuitable charger TR0222,"Synthetic smoke review TR0222. The charger arrived in poor condition, and the materials felt unsuitable under ordinary indoor use. This generated row is only for pipeline verification."
0,Synthetic unsuitable notebook TR0223,"Synthetic smoke review TR0223. The notebook felt fragile, and the controls were unresponsive after several routine checks. This generated row is only for pipeline verification."
1,Synthetic useful adapter TR0224,"Synthetic smoke review TR0224. The adapter arrived in good condition, and the materials felt appropriate during a short household trial. This generated row is only for pipeline verification."
0,Synthetic unsuitable adapter TR0225,"Synthetic smoke review TR0225. The adapter was difficult to set up, and the materials felt unsuitable while following the included directions. This generated row is only for pipeline verification."
0,Synthetic unsuitable charger TR0226,"Synthetic smoke review TR0226. The charger felt fragile, and the packaging left a part exposed while following the included directions. This generated row is only for pipeline verification."
1,Synthetic useful charger TR0227,"Synthetic smoke review TR0227. The charger performed reliably, and the instructions were clear under ordinary indoor use. This generated row is only for pipeline verification."
1,Synthetic useful backpack TR0228,"Synthetic smoke review TR0228. The backpack worked as described, and the packaging protected every part without adding any extra accessories. This generated row is only for pipeline verification."
0,Synthetic unsuitable case TR0229,"Synthetic smoke review TR0229. The case did not fit the intended space, and the dimensions did not match the listing without adding any extra accessories. This generated row is only for pipeline verification."
1,Synthetic useful charger TR0230,"Synthetic smoke review TR0230. The charger arrived in good condition, and the instructions were clear under ordinary indoor use. This generated row is only for pipeline verification."
1,Synthetic useful mug TR0231,"Synthetic smoke review TR0231. The mug arrived in good condition, and the dimensions matched the listing under ordinary indoor use. This generated row is only for pipeline verification."
1,Synthetic useful backpack TR0232,"Synthetic smoke review TR0232. The backpack was simple to set up, and the controls were responsive after several routine checks. This generated row is only for pipeline verification."
1,Synthetic useful backpack TR0233,"Synthetic smoke review TR0233. The backpack worked as described, and the controls were responsive while following the included directions. This generated row is only for pipeline verification."
0,Synthetic unsuitable mug TR0234,"Synthetic smoke review TR0234. The mug did not work as described, and the controls were unresponsive under ordinary indoor use. This generated row is only for pipeline verification."
1,Synthetic useful notebook TR0235,"Synthetic smoke review TR0235. The notebook worked as described, and the materials felt appropriate without adding any extra accessories. This generated row is only for pipeline verification."
1,Synthetic useful notebook TR0236,"Synthetic smoke review TR0236. The notebook was simple to set up, and the finish was consistent after several routine checks. This generated row is only for pipeline verification."
1,Synthetic useful headphones TR0237,"Synthetic smoke review TR0237. The headphones was simple to set up, and the packaging protected every part after several routine checks. This generated row is only for pipeline verification."
0,Synthetic unsuitable mug TR0238,"Synthetic smoke review TR0238. The mug performed inconsistently, and the materials felt unsuitable under ordinary indoor use. This generated row is only for pipeline verification."
0,Synthetic unsuitable cable TR0239,"Synthetic smoke review TR0239. The cable arrived in poor condition, and the packaging left a part exposed without adding any extra accessories. This generated row is only for pipeline verification."
0,Synthetic unsuitable mug TR0240,"Synthetic smoke review TR0240. The mug performed inconsistently, and the materials felt unsuitable during a short household trial. This generated row is only for pipeline verification."
1,Synthetic useful charger TR0241,"Synthetic smoke review TR0241. The charger arrived in good condition, and the finish was consistent after several routine checks. This generated row is only for pipeline verification."
0,Synthetic unsuitable book TR0242,"Synthetic smoke review TR0242. The book did not work as described, and the dimensions did not match the listing while following the included directions. This generated row is only for pipeline verification."
1,Synthetic useful organizer TR0243,"Synthetic smoke review TR0243. The organizer arrived in good condition, and the controls were responsive after several routine checks. This generated row is only for pipeline verification."
0,Synthetic unsuitable speaker TR0244,"Synthetic smoke review TR0244. The speaker did not work as described, and the dimensions did not match the listing while following the included directions. This generated row is only for pipeline verification."
1,Synthetic useful notebook TR0245,"Synthetic smoke review TR0245. The notebook performed reliably, and the packaging protected every part under ordinary indoor use. This generated row is only for pipeline verification."
1,Synthetic useful adapter TR0246,"Synthetic smoke review TR0246. The adapter worked as described, and the packaging protected every part during a short household trial. This generated row is only for pipeline verification."
1,Synthetic useful book TR0247,"Synthetic smoke review TR0247. The book performed reliably, and the materials felt appropriate during a short household trial. This generated row is only for pipeline verification."
1,Synthetic useful adapter TR0248,"Synthetic smoke review TR0248. The adapter was simple to set up, and the instructions were clear during a short household trial. This generated row is only for pipeline verification."
0,Synthetic unsuitable charger TR0249,"Synthetic smoke review TR0249. The charger arrived in poor condition, and the materials felt unsuitable while following the included directions. This generated row is only for pipeline verification."
0,Synthetic unsuitable case TR0250,"Synthetic smoke review TR0250. The case did not work as described, and the finish was uneven under ordinary indoor use. This generated row is only for pipeline verification."
1,Synthetic useful mug TR0251,"Synthetic smoke review TR0251. The mug performed reliably, and the instructions were clear under ordinary indoor use. This generated row is only for pipeline verification."
1,Synthetic useful speaker TR0252,"Synthetic smoke review TR0252. The speaker fit the intended space, and the materials felt appropriate under ordinary indoor use. This generated row is only for pipeline verification."
0,Synthetic unsuitable adapter TR0253,"Synthetic smoke review TR0253. The adapter arrived in poor condition, and the finish was uneven under ordinary indoor use. This generated row is only for pipeline verification."
0,Synthetic unsuitable backpack TR0254,"Synthetic smoke review TR0254. The backpack arrived in poor condition, and the controls were unresponsive under ordinary indoor use. This generated row is only for pipeline verification."
1,Synthetic useful cable TR0255,"Synthetic smoke review TR0255. The cable performed reliably, and the controls were responsive during a short household trial. This generated row is only for pipeline verification."
0,Synthetic unsuitable charger TR0256,"Synthetic smoke review TR0256. The charger performed inconsistently, and the instructions were unclear during a short household trial. This generated row is only for pipeline verification."
0,Synthetic unsuitable adapter TR0257,"Synthetic smoke review TR0257. The adapter was difficult to set up, and the instructions were unclear without adding any extra accessories. This generated row is only for pipeline verification."
1,Synthetic useful charger TR0258,"Synthetic smoke review TR0258. The charger worked as described, and the dimensions matched the listing without adding any extra accessories. This generated row is only for pipeline verification."
0,Synthetic unsuitable mug TR0259,"Synthetic smoke review TR0259. The mug did not fit the intended space, and the instructions were unclear under ordinary indoor use. This generated row is only for pipeline verification."
1,Synthetic useful adapter TR0260,"Synthetic smoke review TR0260. The adapter fit the intended space, and the dimensions matched the listing during a short household trial. This generated row is only for pipeline verification."
1,Synthetic useful book TR0261,"Synthetic smoke review TR0261. The book worked as described, and the packaging protected every part under ordinary indoor use. This generated row is only for pipeline verification."
0,Synthetic unsuitable lamp TR0262,"Synthetic smoke review TR0262. The lamp did not fit the intended space, and the controls were unresponsive under ordinary indoor use. This generated row is only for pipeline verification."
1,Synthetic useful book TR0263,"Synthetic smoke review TR0263. The book worked as described, and the controls were responsive under ordinary indoor use. This generated row is only for pipeline verification."
0,Synthetic unsuitable mug TR0264,"Synthetic smoke review TR0264. The mug was difficult to set up, and the finish was uneven after several routine checks. This generated row is only for pipeline verification."
1,Synthetic useful mug TR0265,"Synthetic smoke review TR0265. The mug arrived in good condition, and the dimensions matched the listing under ordinary indoor use. This generated row is only for pipeline verification."
0,Synthetic unsuitable organizer TR0266,"Synthetic smoke review TR0266. The organizer performed inconsistently, and the controls were unresponsive after several routine checks. This generated row is only for pipeline verification."
0,Synthetic unsuitable organizer TR0267,"Synthetic smoke review TR0267. The organizer did not fit the intended space, and the controls were unresponsive under ordinary indoor use. This generated row is only for pipeline verification."
1,Synthetic useful headphones TR0268,"Synthetic smoke review TR0268. The headphones arrived in good condition, and the controls were responsive during a short household trial. This generated row is only for pipeline verification."
0,Synthetic unsuitable speaker TR0269,"Synthetic smoke review TR0269. The speaker did not fit the intended space, and the instructions were unclear without adding any extra accessories. This generated row is only for pipeline verification."
1,Synthetic useful speaker TR0270,"Synthetic smoke review TR0270. The speaker arrived in good condition, and the materials felt appropriate under ordinary indoor use. This generated row is only for pipeline verification."
1,Synthetic useful backpack TR0271,"Synthetic smoke review TR0271. The backpack arrived in good condition, and the dimensions matched the listing while following the included directions. This generated row is only for pipeline verification."
0,Synthetic unsuitable headphones TR0272,"Synthetic smoke review TR0272. The headphones did not fit the intended space, and the instructions were unclear after several routine checks. This generated row is only for pipeline verification."
1,Synthetic useful lamp TR0273,"Synthetic smoke review TR0273. The lamp worked as described, and the controls were responsive under ordinary indoor use. This generated row is only for pipeline verification."
0,Synthetic unsuitable notebook TR0274,"Synthetic smoke review TR0274. The notebook felt fragile, and the materials felt unsuitable after several routine checks. This generated row is only for pipeline verification."
0,Synthetic unsuitable speaker TR0275,"Synthetic smoke review TR0275. The speaker was difficult to set up, and the packaging left a part exposed after several routine checks. This generated row is only for pipeline verification."
1,Synthetic useful organizer TR0276,"Synthetic smoke review TR0276. The organizer was simple to set up, and the dimensions matched the listing while following the included directions. This generated row is only for pipeline verification."
1,Synthetic useful adapter TR0277,"Synthetic smoke review TR0277. The adapter fit the intended space, and the dimensions matched the listing without adding any extra accessories. This generated row is only for pipeline verification."
0,Synthetic unsuitable organizer TR0278,"Synthetic smoke review TR0278. The organizer arrived in poor condition, and the controls were unresponsive while following the included directions. This generated row is only for pipeline verification."
1,Synthetic useful notebook TR0279,"Synthetic smoke review TR0279. The notebook felt sturdy, and the instructions were clear while following the included directions. This generated row is only for pipeline verification."
1,Synthetic useful case TR0280,"Synthetic smoke review TR0280. The case was simple to set up, and the materials felt appropriate under ordinary indoor use. This generated row is only for pipeline verification."
1,Synthetic useful backpack TR0281,"Synthetic smoke review TR0281. The backpack performed reliably, and the instructions were clear after several routine checks. This generated row is only for pipeline verification."
0,Synthetic unsuitable speaker TR0282,"Synthetic smoke review TR0282. The speaker arrived in poor condition, and the finish was uneven under ordinary indoor use. This generated row is only for pipeline verification."
0,Synthetic unsuitable organizer TR0283,"Synthetic smoke review TR0283. The organizer arrived in poor condition, and the materials felt unsuitable without adding any extra accessories. This generated row is only for pipeline verification."
0,Synthetic unsuitable headphones TR0284,"Synthetic smoke review TR0284. The headphones performed inconsistently, and the instructions were unclear without adding any extra accessories. This generated row is only for pipeline verification."
0,Synthetic unsuitable lamp TR0285,"Synthetic smoke review TR0285. The lamp felt fragile, and the finish was uneven without adding any extra accessories. This generated row is only for pipeline verification."
1,Synthetic useful case TR0286,"Synthetic smoke review TR0286. The case worked as described, and the finish was consistent under ordinary indoor use. This generated row is only for pipeline verification."
1,Synthetic useful speaker TR0287,"Synthetic smoke review TR0287. The speaker arrived in good condition, and the finish was consistent while following the included directions. This generated row is only for pipeline verification."
0,Synthetic unsuitable backpack TR0288,"Synthetic smoke review TR0288. The backpack arrived in poor condition, and the materials felt unsuitable while following the included directions. This generated row is only for pipeline verification."
1,Synthetic useful cable TR0289,"Synthetic smoke review TR0289. The cable arrived in good condition, and the controls were responsive without adding any extra accessories. This generated row is only for pipeline verification."
0,Synthetic unsuitable headphones TR0290,"Synthetic smoke review TR0290. The headphones arrived in poor condition, and the materials felt unsuitable while following the included directions. This generated row is only for pipeline verification."
1,Synthetic useful charger TR0291,"Synthetic smoke review TR0291. The charger was simple to set up, and the materials felt appropriate after several routine checks. This generated row is only for pipeline verification."
1,Synthetic useful mug TR0292,"Synthetic smoke review TR0292. The mug was simple to set up, and the instructions were clear without adding any extra accessories. This generated row is only for pipeline verification."
0,Synthetic unsuitable cable TR0293,"Synthetic smoke review TR0293. The cable felt fragile, and the packaging left a part exposed while following the included directions. This generated row is only for pipeline verification."
1,Synthetic useful charger TR0294,"Synthetic smoke review TR0294. The charger felt sturdy, and the packaging protected every part while following the included directions. This generated row is only for pipeline verification."
1,Synthetic useful organizer TR0295,"Synthetic smoke review TR0295. The organizer performed reliably, and the dimensions matched the listing during a short household trial. This generated row is only for pipeline verification."
0,Synthetic unsuitable cable TR0296,"Synthetic smoke review TR0296. The cable performed inconsistently, and the materials felt unsuitable during a short household trial. This generated row is only for pipeline verification."
0,Synthetic unsuitable adapter TR0297,"Synthetic smoke review TR0297. The adapter did not fit the intended space, and the dimensions did not match the listing under ordinary indoor use. This generated row is only for pipeline verification."
0,Synthetic unsuitable book TR0298,"Synthetic smoke review TR0298. The book felt fragile, and the finish was uneven under ordinary indoor use. This generated row is only for pipeline verification."
0,Synthetic unsuitable organizer TR0299,"Synthetic smoke review TR0299. The organizer was difficult to set up, and the instructions were unclear without adding any extra accessories. This generated row is only for pipeline verification."
1,Synthetic useful mug TR0300,"Synthetic smoke review TR0300. The mug fit the intended space, and the finish was consistent during a short household trial. This generated row is only for pipeline verification."
0,Synthetic unsuitable charger TR0301,"Synthetic smoke review TR0301. The charger felt fragile, and the packaging left a part exposed after several routine checks. This generated row is only for pipeline verification."
0,Synthetic unsuitable case TR0302,"Synthetic smoke review TR0302. The case did not fit the intended space, and the dimensions did not match the listing without adding any extra accessories. This generated row is only for pipeline verification."
1,Synthetic useful lamp TR0303,"Synthetic smoke review TR0303. The lamp fit the intended space, and the packaging protected every part without adding any extra accessories. This generated row is only for pipeline verification."
0,Synthetic unsuitable book TR0304,"Synthetic smoke review TR0304. The book was difficult to set up, and the packaging left a part exposed under ordinary indoor use. This generated row is only for pipeline verification."
0,Synthetic unsuitable backpack TR0305,"Synthetic smoke review TR0305. The backpack felt fragile, and the finish was uneven under ordinary indoor use. This generated row is only for pipeline verification."
1,Synthetic useful lamp TR0306,"Synthetic smoke review TR0306. The lamp felt sturdy, and the instructions were clear after several routine checks. This generated row is only for pipeline verification."
0,Synthetic unsuitable cable TR0307,"Synthetic smoke review TR0307. The cable felt fragile, and the instructions were unclear while following the included directions. This generated row is only for pipeline verification."
1,Synthetic useful backpack TR0308,"Synthetic smoke review TR0308. The backpack felt sturdy, and the finish was consistent without adding any extra accessories. This generated row is only for pipeline verification."
1,Synthetic useful case TR0309,"Synthetic smoke review TR0309. The case performed reliably, and the finish was consistent while following the included directions. This generated row is only for pipeline verification."
1,Synthetic useful headphones TR0310,"Synthetic smoke review TR0310. The headphones performed reliably, and the controls were responsive after several routine checks. This generated row is only for pipeline verification."
0,Synthetic unsuitable speaker TR0311,"Synthetic smoke review TR0311. The speaker did not fit the intended space, and the materials felt unsuitable while following the included directions. This generated row is only for pipeline verification."
0,Synthetic unsuitable charger TR0312,"Synthetic smoke review TR0312. The charger arrived in poor condition, and the materials felt unsuitable after several routine checks. This generated row is only for pipeline verification."
1,Synthetic useful lamp TR0313,"Synthetic smoke review TR0313. The lamp felt sturdy, and the materials felt appropriate after several routine checks. This generated row is only for pipeline verification."
1,Synthetic useful mug TR0314,"Synthetic smoke review TR0314. The mug was simple to set up, and the finish was consistent under ordinary indoor use. This generated row is only for pipeline verification."
0,Synthetic unsuitable notebook TR0315,"Synthetic smoke review TR0315. The notebook arrived in poor condition, and the finish was uneven after several routine checks. This generated row is only for pipeline verification."
0,Synthetic unsuitable mug TR0316,"Synthetic smoke review TR0316. The mug felt fragile, and the materials felt unsuitable during a short household trial. This generated row is only for pipeline verification."
1,Synthetic useful notebook TR0317,"Synthetic smoke review TR0317. The notebook was simple to set up, and the instructions were clear without adding any extra accessories. This generated row is only for pipeline verification."
0,Synthetic unsuitable book TR0318,"Synthetic smoke review TR0318. The book did not work as described, and the instructions were unclear without adding any extra accessories. This generated row is only for pipeline verification."
1,Synthetic useful organizer TR0319,"Synthetic smoke review TR0319. The organizer felt sturdy, and the instructions were clear under ordinary indoor use. This generated row is only for pipeline verification."
0,Synthetic unsuitable headphones TR0320,"Synthetic smoke review TR0320. The headphones did not fit the intended space, and the packaging left a part exposed after several routine checks. This generated row is only for pipeline verification."
0,Synthetic unsuitable mug TR0321,"Synthetic smoke review TR0321. The mug was difficult to set up, and the dimensions did not match the listing while following the included directions. This generated row is only for pipeline verification."
0,Synthetic unsuitable lamp TR0322,"Synthetic smoke review TR0322. The lamp arrived in poor condition, and the materials felt unsuitable during a short household trial. This generated row is only for pipeline verification."
0,Synthetic unsuitable case TR0323,"Synthetic smoke review TR0323. The case was difficult to set up, and the instructions were unclear during a short household trial. This generated row is only for pipeline verification."
0,Synthetic unsuitable speaker TR0324,"Synthetic smoke review TR0324. The speaker felt fragile, and the finish was uneven after several routine checks. This generated row is only for pipeline verification."
1,Synthetic useful lamp TR0325,"Synthetic smoke review TR0325. The lamp fit the intended space, and the finish was consistent during a short household trial. This generated row is only for pipeline verification."
0,Synthetic unsuitable charger TR0326,"Synthetic smoke review TR0326. The charger did not work as described, and the controls were unresponsive under ordinary indoor use. This generated row is only for pipeline verification."
0,Synthetic unsuitable lamp TR0327,"Synthetic smoke review TR0327. The lamp performed inconsistently, and the instructions were unclear during a short household trial. This generated row is only for pipeline verification."
0,Synthetic unsuitable backpack TR0328,"Synthetic smoke review TR0328. The backpack arrived in poor condition, and the controls were unresponsive after several routine checks. This generated row is only for pipeline verification."
0,Synthetic unsuitable headphones TR0329,"Synthetic smoke review TR0329. The headphones did not fit the intended space, and the finish was uneven after several routine checks. This generated row is only for pipeline verification."
0,Synthetic unsuitable organizer TR0330,"Synthetic smoke review TR0330. The organizer performed inconsistently, and the packaging left a part exposed during a short household trial. This generated row is only for pipeline verification."
1,Synthetic useful cable TR0331,"Synthetic smoke review TR0331. The cable was simple to set up, and the controls were responsive under ordinary indoor use. This generated row is only for pipeline verification."
1,Synthetic useful headphones TR0332,"Synthetic smoke review TR0332. The headphones was simple to set up, and the instructions were clear under ordinary indoor use. This generated row is only for pipeline verification."
1,Synthetic useful book TR0333,"Synthetic smoke review TR0333. The book arrived in good condition, and the instructions were clear while following the included directions. This generated row is only for pipeline verification."
0,Synthetic unsuitable adapter TR0334,"Synthetic smoke review TR0334. The adapter performed inconsistently, and the packaging left a part exposed without adding any extra accessories. This generated row is only for pipeline verification."
1,Synthetic useful notebook TR0335,"Synthetic smoke review TR0335. The notebook arrived in good condition, and the controls were responsive during a short household trial. This generated row is only for pipeline verification."
1,Synthetic useful cable TR0336,"Synthetic smoke review TR0336. The cable worked as described, and the controls were responsive during a short household trial. This generated row is only for pipeline verification."
0,Synthetic unsuitable case TR0337,"Synthetic smoke review TR0337. The case did not work as described, and the finish was uneven without adding any extra accessories. This generated row is only for pipeline verification."
1,Synthetic useful organizer TR0338,"Synthetic smoke review TR0338. The organizer performed reliably, and the finish was consistent under ordinary indoor use. This generated row is only for pipeline verification."
0,Synthetic unsuitable adapter TR0339,"Synthetic smoke review TR0339. The adapter performed inconsistently, and the packaging left a part exposed after several routine checks. This generated row is only for pipeline verification."
1,Synthetic useful headphones TR0340,"Synthetic smoke review TR0340. The headphones worked as described, and the controls were responsive while following the included directions. This generated row is only for pipeline verification."
1,Synthetic useful mug TR0341,"Synthetic smoke review TR0341. The mug was simple to set up, and the packaging protected every part after several routine checks. This generated row is only for pipeline verification."
1,Synthetic useful lamp TR0342,"Synthetic smoke review TR0342. The lamp fit the intended space, and the dimensions matched the listing while following the included directions. This generated row is only for pipeline verification."
0,Synthetic unsuitable headphones TR0343,"Synthetic smoke review TR0343. The headphones arrived in poor condition, and the dimensions did not match the listing under ordinary indoor use. This generated row is only for pipeline verification."
1,Synthetic useful headphones TR0344,"Synthetic smoke review TR0344. The headphones was simple to set up, and the materials felt appropriate after several routine checks. This generated row is only for pipeline verification."
0,Synthetic unsuitable notebook TR0345,"Synthetic smoke review TR0345. The notebook felt fragile, and the instructions were unclear after several routine checks. This generated row is only for pipeline verification."
1,Synthetic useful mug TR0346,"Synthetic smoke review TR0346. The mug was simple to set up, and the materials felt appropriate while following the included directions. This generated row is only for pipeline verification."
1,Synthetic useful adapter TR0347,"Synthetic smoke review TR0347. The adapter worked as described, and the finish was consistent under ordinary indoor use. This generated row is only for pipeline verification."
1,Synthetic useful adapter TR0348,"Synthetic smoke review TR0348. The adapter worked as described, and the materials felt appropriate without adding any extra accessories. This generated row is only for pipeline verification."
0,Synthetic unsuitable book TR0349,"Synthetic smoke review TR0349. The book did not fit the intended space, and the instructions were unclear after several routine checks. This generated row is only for pipeline verification."
0,Synthetic unsuitable notebook TR0350,"Synthetic smoke review TR0350. The notebook arrived in poor condition, and the finish was uneven while following the included directions. This generated row is only for pipeline verification."
0,Synthetic unsuitable mug TR0351,"Synthetic smoke review TR0351. The mug did not fit the intended space, and the dimensions did not match the listing after several routine checks. This generated row is only for pipeline verification."
1,Synthetic useful notebook TR0352,"Synthetic smoke review TR0352. The notebook fit the intended space, and the controls were responsive without adding any extra accessories. This generated row is only for pipeline verification."
0,Synthetic unsuitable charger TR0353,"Synthetic smoke review TR0353. The charger performed inconsistently, and the packaging left a part exposed after several routine checks. This generated row is only for pipeline verification."
0,Synthetic unsuitable mug TR0354,"Synthetic smoke review TR0354. The mug felt fragile, and the instructions were unclear without adding any extra accessories. This generated row is only for pipeline verification."
1,Synthetic useful headphones TR0355,"Synthetic smoke review TR0355. The headphones performed reliably, and the dimensions matched the listing after several routine checks. This generated row is only for pipeline verification."
0,Synthetic unsuitable notebook TR0356,"Synthetic smoke review TR0356. The notebook felt fragile, and the materials felt unsuitable under ordinary indoor use. This generated row is only for pipeline verification."
1,Synthetic useful organizer TR0357,"Synthetic smoke review TR0357. The organizer arrived in good condition, and the finish was consistent during a short household trial. This generated row is only for pipeline verification."
0,Synthetic unsuitable cable TR0358,"Synthetic smoke review TR0358. The cable was difficult to set up, and the materials felt unsuitable while following the included directions. This generated row is only for pipeline verification."
1,Synthetic useful lamp TR0359,"Synthetic smoke review TR0359. The lamp felt sturdy, and the controls were responsive while following the included directions. This generated row is only for pipeline verification."
1,Synthetic useful charger TR0360,"Synthetic smoke review TR0360. The charger worked as described, and the instructions were clear under ordinary indoor use. This generated row is only for pipeline verification."
0,Synthetic unsuitable notebook TR0361,"Synthetic smoke review TR0361. The notebook felt fragile, and the materials felt unsuitable after several routine checks. This generated row is only for pipeline verification."
1,Synthetic useful lamp TR0362,"Synthetic smoke review TR0362. The lamp felt sturdy, and the finish was consistent under ordinary indoor use. This generated row is only for pipeline verification."
1,Synthetic useful book TR0363,"Synthetic smoke review TR0363. The book performed reliably, and the instructions were clear after several routine checks. This generated row is only for pipeline verification."
1,Synthetic useful notebook TR0364,"Synthetic smoke review TR0364. The notebook felt sturdy, and the instructions were clear after several routine checks. This generated row is only for pipeline verification."
1,Synthetic useful lamp TR0365,"Synthetic smoke review TR0365. The lamp felt sturdy, and the packaging protected every part while following the included directions. This generated row is only for pipeline verification."
1,Synthetic useful backpack TR0366,"Synthetic smoke review TR0366. The backpack performed reliably, and the packaging protected every part without adding any extra accessories. This generated row is only for pipeline verification."
0,Synthetic unsuitable mug TR0367,"Synthetic smoke review TR0367. The mug was difficult to set up, and the finish was uneven without adding any extra accessories. This generated row is only for pipeline verification."
0,Synthetic unsuitable cable TR0368,"Synthetic smoke review TR0368. The cable did not fit the intended space, and the finish was uneven while following the included directions. This generated row is only for pipeline verification."
0,Synthetic unsuitable cable TR0369,"Synthetic smoke review TR0369. The cable arrived in poor condition, and the materials felt unsuitable while following the included directions. This generated row is only for pipeline verification."
1,Synthetic useful organizer TR0370,"Synthetic smoke review TR0370. The organizer arrived in good condition, and the finish was consistent without adding any extra accessories. This generated row is only for pipeline verification."
1,Synthetic useful backpack TR0371,"Synthetic smoke review TR0371. The backpack was simple to set up, and the finish was consistent during a short household trial. This generated row is only for pipeline verification."
1,Synthetic useful case TR0372,"Synthetic smoke review TR0372. The case arrived in good condition, and the finish was consistent after several routine checks. This generated row is only for pipeline verification."
1,Synthetic useful notebook TR0373,"Synthetic smoke review TR0373. The notebook performed reliably, and the packaging protected every part after several routine checks. This generated row is only for pipeline verification."
0,Synthetic unsuitable lamp TR0374,"Synthetic smoke review TR0374. The lamp felt fragile, and the dimensions did not match the listing during a short household trial. This generated row is only for pipeline verification."
0,Synthetic unsuitable book TR0375,"Synthetic smoke review TR0375. The book did not work as described, and the materials felt unsuitable under ordinary indoor use. This generated row is only for pipeline verification."
0,Synthetic unsuitable headphones TR0376,"Synthetic smoke review TR0376. The headphones did not work as described, and the materials felt unsuitable after several routine checks. This generated row is only for pipeline verification."
0,Synthetic unsuitable notebook TR0377,"Synthetic smoke review TR0377. The notebook did not work as described, and the materials felt unsuitable while following the included directions. This generated row is only for pipeline verification."
1,Synthetic useful cable TR0378,"Synthetic smoke review TR0378. The cable was simple to set up, and the controls were responsive under ordinary indoor use. This generated row is only for pipeline verification."
0,Synthetic unsuitable mug TR0379,"Synthetic smoke review TR0379. The mug did not fit the intended space, and the instructions were unclear under ordinary indoor use. This generated row is only for pipeline verification."
1,Synthetic useful book TR0380,"Synthetic smoke review TR0380. The book performed reliably, and the finish was consistent while following the included directions. This generated row is only for pipeline verification."
1,Synthetic useful speaker TR0381,"Synthetic smoke review TR0381. The speaker arrived in good condition, and the materials felt appropriate under ordinary indoor use. This generated row is only for pipeline verification."
1,Synthetic useful cable TR0382,"Synthetic smoke review TR0382. The cable felt sturdy, and the instructions were clear during a short household trial. This generated row is only for pipeline verification."
0,Synthetic unsuitable adapter TR0383,"Synthetic smoke review TR0383. The adapter did not fit the intended space, and the dimensions did not match the listing after several routine checks. This generated row is only for pipeline verification."
0,Synthetic unsuitable adapter TR0384,"Synthetic smoke review TR0384. The adapter was difficult to set up, and the instructions were unclear after several routine checks. This generated row is only for pipeline verification."
1,Synthetic useful charger TR0385,"Synthetic smoke review TR0385. The charger worked as described, and the instructions were clear while following the included directions. This generated row is only for pipeline verification."
1,Synthetic useful lamp TR0386,"Synthetic smoke review TR0386. The lamp felt sturdy, and the finish was consistent while following the included directions. This generated row is only for pipeline verification."
1,Synthetic useful charger TR0387,"Synthetic smoke review TR0387. The charger worked as described, and the materials felt appropriate during a short household trial. This generated row is only for pipeline verification."
1,Synthetic useful cable TR0388,"Synthetic smoke review TR0388. The cable was simple to set up, and the instructions were clear during a short household trial. This generated row is only for pipeline verification."
1,Synthetic useful lamp TR0389,"Synthetic smoke review TR0389. The lamp worked as described, and the packaging protected every part while following the included directions. This generated row is only for pipeline verification."
0,Synthetic unsuitable lamp TR0390,"Synthetic smoke review TR0390. The lamp felt fragile, and the dimensions did not match the listing during a short household trial. This generated row is only for pipeline verification."
0,Synthetic unsuitable speaker TR0391,"Synthetic smoke review TR0391. The speaker was difficult to set up, and the finish was uneven without adding any extra accessories. This generated row is only for pipeline verification."
0,Synthetic unsuitable lamp TR0392,"Synthetic smoke review TR0392. The lamp performed inconsistently, and the materials felt unsuitable during a short household trial. This generated row is only for pipeline verification."
1,Synthetic useful backpack TR0393,"Synthetic smoke review TR0393. The backpack performed reliably, and the materials felt appropriate during a short household trial. This generated row is only for pipeline verification."
0,Synthetic unsuitable cable TR0394,"Synthetic smoke review TR0394. The cable did not work as described, and the finish was uneven under ordinary indoor use. This generated row is only for pipeline verification."
0,Synthetic unsuitable headphones TR0395,"Synthetic smoke review TR0395. The headphones performed inconsistently, and the materials felt unsuitable after several routine checks. This generated row is only for pipeline verification."
1,Synthetic useful notebook TR0396,"Synthetic smoke review TR0396. The notebook performed reliably, and the packaging protected every part after several routine checks. This generated row is only for pipeline verification."
1,Synthetic useful charger TR0397,"Synthetic smoke review TR0397. The charger was simple to set up, and the instructions were clear without adding any extra accessories. This generated row is only for pipeline verification."
0,Synthetic unsuitable mug TR0398,"Synthetic smoke review TR0398. The mug arrived in poor condition, and the materials felt unsuitable without adding any extra accessories. This generated row is only for pipeline verification."
1,Synthetic useful cable TR0399,"Synthetic smoke review TR0399. The cable fit the intended space, and the dimensions matched the listing under ordinary indoor use. This generated row is only for pipeline verification."
0,Synthetic unsuitable book TR0400,"Synthetic smoke review TR0400. The book felt fragile, and the controls were unresponsive during a short household trial. This generated row is only for pipeline verification."
1,Synthetic useful mug TR0401,"Synthetic smoke review TR0401. The mug was simple to set up, and the packaging protected every part during a short household trial. This generated row is only for pipeline verification."
1,Synthetic useful lamp TR0402,"Synthetic smoke review TR0402. The lamp arrived in good condition, and the materials felt appropriate without adding any extra accessories. This generated row is only for pipeline verification."
0,Synthetic unsuitable charger TR0403,"Synthetic smoke review TR0403. The charger was difficult to set up, and the materials felt unsuitable after several routine checks. This generated row is only for pipeline verification."
1,Synthetic useful backpack TR0404,"Synthetic smoke review TR0404. The backpack was simple to set up, and the materials felt appropriate while following the included directions. This generated row is only for pipeline verification."
1,Synthetic useful speaker TR0405,"Synthetic smoke review TR0405. The speaker fit the intended space, and the materials felt appropriate without adding any extra accessories. This generated row is only for pipeline verification."
0,Synthetic unsuitable adapter TR0406,"Synthetic smoke review TR0406. The adapter did not fit the intended space, and the instructions were unclear without adding any extra accessories. This generated row is only for pipeline verification."
0,Synthetic unsuitable notebook TR0407,"Synthetic smoke review TR0407. The notebook did not work as described, and the dimensions did not match the listing under ordinary indoor use. This generated row is only for pipeline verification."
0,Synthetic unsuitable mug TR0408,"Synthetic smoke review TR0408. The mug did not work as described, and the instructions were unclear under ordinary indoor use. This generated row is only for pipeline verification."
0,Synthetic unsuitable headphones TR0409,"Synthetic smoke review TR0409. The headphones did not fit the intended space, and the controls were unresponsive without adding any extra accessories. This generated row is only for pipeline verification."
0,Synthetic unsuitable charger TR0410,"Synthetic smoke review TR0410. The charger felt fragile, and the materials felt unsuitable after several routine checks. This generated row is only for pipeline verification."
0,Synthetic unsuitable speaker TR0411,"Synthetic smoke review TR0411. The speaker performed inconsistently, and the materials felt unsuitable while following the included directions. This generated row is only for pipeline verification."
1,Synthetic useful backpack TR0412,"Synthetic smoke review TR0412. The backpack was simple to set up, and the instructions were clear under ordinary indoor use. This generated row is only for pipeline verification."
0,Synthetic unsuitable case TR0413,"Synthetic smoke review TR0413. The case performed inconsistently, and the instructions were unclear during a short household trial. This generated row is only for pipeline verification."
1,Synthetic useful charger TR0414,"Synthetic smoke review TR0414. The charger fit the intended space, and the finish was consistent without adding any extra accessories. This generated row is only for pipeline verification."
1,Synthetic useful backpack TR0415,"Synthetic smoke review TR0415. The backpack fit the intended space, and the dimensions matched the listing after several routine checks. This generated row is only for pipeline verification."
0,Synthetic unsuitable organizer TR0416,"Synthetic smoke review TR0416. The organizer arrived in poor condition, and the controls were unresponsive without adding any extra accessories. This generated row is only for pipeline verification."
0,Synthetic unsuitable organizer TR0417,"Synthetic smoke review TR0417. The organizer did not work as described, and the controls were unresponsive after several routine checks. This generated row is only for pipeline verification."
0,Synthetic unsuitable charger TR0418,"Synthetic smoke review TR0418. The charger felt fragile, and the packaging left a part exposed after several routine checks. This generated row is only for pipeline verification."
0,Synthetic unsuitable organizer TR0419,"Synthetic smoke review TR0419. The organizer did not work as described, and the finish was uneven while following the included directions. This generated row is only for pipeline verification."
0,Synthetic unsuitable charger TR0420,"Synthetic smoke review TR0420. The charger was difficult to set up, and the packaging left a part exposed after several routine checks. This generated row is only for pipeline verification."
0,Synthetic unsuitable lamp TR0421,"Synthetic smoke review TR0421. The lamp arrived in poor condition, and the instructions were unclear during a short household trial. This generated row is only for pipeline verification."
0,Synthetic unsuitable speaker TR0422,"Synthetic smoke review TR0422. The speaker did not fit the intended space, and the packaging left a part exposed under ordinary indoor use. This generated row is only for pipeline verification."
0,Synthetic unsuitable lamp TR0423,"Synthetic smoke review TR0423. The lamp felt fragile, and the dimensions did not match the listing after several routine checks. This generated row is only for pipeline verification."
0,Synthetic unsuitable cable TR0424,"Synthetic smoke review TR0424. The cable performed inconsistently, and the dimensions did not match the listing after several routine checks. This generated row is only for pipeline verification."
1,Synthetic useful charger TR0425,"Synthetic smoke review TR0425. The charger felt sturdy, and the dimensions matched the listing after several routine checks. This generated row is only for pipeline verification."
1,Synthetic useful case TR0426,"Synthetic smoke review TR0426. The case arrived in good condition, and the controls were responsive under ordinary indoor use. This generated row is only for pipeline verification."
1,Synthetic useful headphones TR0427,"Synthetic smoke review TR0427. The headphones fit the intended space, and the materials felt appropriate under ordinary indoor use. This generated row is only for pipeline verification."
0,Synthetic unsuitable cable TR0428,"Synthetic smoke review TR0428. The cable performed inconsistently, and the instructions were unclear without adding any extra accessories. This generated row is only for pipeline verification."
0,Synthetic unsuitable headphones TR0429,"Synthetic smoke review TR0429. The headphones arrived in poor condition, and the finish was uneven while following the included directions. This generated row is only for pipeline verification."
1,Synthetic useful mug TR0430,"Synthetic smoke review TR0430. The mug fit the intended space, and the packaging protected every part while following the included directions. This generated row is only for pipeline verification."
0,Synthetic unsuitable book TR0431,"Synthetic smoke review TR0431. The book did not fit the intended space, and the finish was uneven after several routine checks. This generated row is only for pipeline verification."
1,Synthetic useful adapter TR0432,"Synthetic smoke review TR0432. The adapter performed reliably, and the instructions were clear without adding any extra accessories. This generated row is only for pipeline verification."
1,Synthetic useful backpack TR0433,"Synthetic smoke review TR0433. The backpack felt sturdy, and the packaging protected every part after several routine checks. This generated row is only for pipeline verification."
1,Synthetic useful book TR0434,"Synthetic smoke review TR0434. The book arrived in good condition, and the dimensions matched the listing while following the included directions. This generated row is only for pipeline verification."
1,Synthetic useful charger TR0435,"Synthetic smoke review TR0435. The charger was simple to set up, and the controls were responsive after several routine checks. This generated row is only for pipeline verification."
1,Synthetic useful lamp TR0436,"Synthetic smoke review TR0436. The lamp performed reliably, and the packaging protected every part without adding any extra accessories. This generated row is only for pipeline verification."
1,Synthetic useful case TR0437,"Synthetic smoke review TR0437. The case was simple to set up, and the controls were responsive during a short household trial. This generated row is only for pipeline verification."
1,Synthetic useful organizer TR0438,"Synthetic smoke review TR0438. The organizer arrived in good condition, and the finish was consistent under ordinary indoor use. This generated row is only for pipeline verification."
0,Synthetic unsuitable organizer TR0439,"Synthetic smoke review TR0439. The organizer did not work as described, and the controls were unresponsive while following the included directions. This generated row is only for pipeline verification."
0,Synthetic unsuitable adapter TR0440,"Synthetic smoke review TR0440. The adapter did not work as described, and the packaging left a part exposed under ordinary indoor use. This generated row is only for pipeline verification."
0,Synthetic unsuitable speaker TR0441,"Synthetic smoke review TR0441. The speaker was difficult to set up, and the packaging left a part exposed during a short household trial. This generated row is only for pipeline verification."
0,Synthetic unsuitable speaker TR0442,"Synthetic smoke review TR0442. The speaker did not work as described, and the finish was uneven after several routine checks. This generated row is only for pipeline verification."
0,Synthetic unsuitable backpack TR0443,"Synthetic smoke review TR0443. The backpack did not work as described, and the materials felt unsuitable under ordinary indoor use. This generated row is only for pipeline verification."
1,Synthetic useful cable TR0444,"Synthetic smoke review TR0444. The cable performed reliably, and the materials felt appropriate after several routine checks. This generated row is only for pipeline verification."
0,Synthetic unsuitable adapter TR0445,"Synthetic smoke review TR0445. The adapter did not work as described, and the controls were unresponsive after several routine checks. This generated row is only for pipeline verification."
0,Synthetic unsuitable speaker TR0446,"Synthetic smoke review TR0446. The speaker did not fit the intended space, and the dimensions did not match the listing under ordinary indoor use. This generated row is only for pipeline verification."
0,Synthetic unsuitable notebook TR0447,"Synthetic smoke review TR0447. The notebook was difficult to set up, and the controls were unresponsive after several routine checks. This generated row is only for pipeline verification."
1,Synthetic useful case TR0448,"Synthetic smoke review TR0448. The case felt sturdy, and the materials felt appropriate during a short household trial. This generated row is only for pipeline verification."
1,Synthetic useful speaker TR0449,"Synthetic smoke review TR0449. The speaker performed reliably, and the controls were responsive after several routine checks. This generated row is only for pipeline verification."
1,Synthetic useful adapter TR0450,"Synthetic smoke review TR0450. The adapter was simple to set up, and the materials felt appropriate under ordinary indoor use. This generated row is only for pipeline verification."
0,Synthetic unsuitable organizer TR0451,"Synthetic smoke review TR0451. The organizer did not work as described, and the materials felt unsuitable under ordinary indoor use. This generated row is only for pipeline verification."
0,Synthetic unsuitable cable TR0452,"Synthetic smoke review TR0452. The cable was difficult to set up, and the materials felt unsuitable while following the included directions. This generated row is only for pipeline verification."
0,Synthetic unsuitable adapter TR0453,"Synthetic smoke review TR0453. The adapter performed inconsistently, and the instructions were unclear without adding any extra accessories. This generated row is only for pipeline verification."
0,Synthetic unsuitable adapter TR0454,"Synthetic smoke review TR0454. The adapter felt fragile, and the dimensions did not match the listing without adding any extra accessories. This generated row is only for pipeline verification."
1,Synthetic useful lamp TR0455,"Synthetic smoke review TR0455. The lamp felt sturdy, and the finish was consistent while following the included directions. This generated row is only for pipeline verification."
1,Synthetic useful lamp TR0456,"Synthetic smoke review TR0456. The lamp fit the intended space, and the finish was consistent during a short household trial. This generated row is only for pipeline verification."
1,Synthetic useful notebook TR0457,"Synthetic smoke review TR0457. The notebook was simple to set up, and the dimensions matched the listing without adding any extra accessories. This generated row is only for pipeline verification."
1,Synthetic useful headphones TR0458,"Synthetic smoke review TR0458. The headphones performed reliably, and the packaging protected every part under ordinary indoor use. This generated row is only for pipeline verification."
1,Synthetic useful book TR0459,"Synthetic smoke review TR0459. The book was simple to set up, and the finish was consistent during a short household trial. This generated row is only for pipeline verification."
1,Synthetic useful cable TR0460,"Synthetic smoke review TR0460. The cable felt sturdy, and the dimensions matched the listing under ordinary indoor use. This generated row is only for pipeline verification."
1,Synthetic useful speaker TR0461,"Synthetic smoke review TR0461. The speaker was simple to set up, and the finish was consistent after several routine checks. This generated row is only for pipeline verification."
1,Synthetic useful mug TR0462,"Synthetic smoke review TR0462. The mug was simple to set up, and the instructions were clear under ordinary indoor use. This generated row is only for pipeline verification."
0,Synthetic unsuitable headphones TR0463,"Synthetic smoke review TR0463. The headphones did not work as described, and the instructions were unclear during a short household trial. This generated row is only for pipeline verification."
1,Synthetic useful lamp TR0464,"Synthetic smoke review TR0464. The lamp fit the intended space, and the packaging protected every part after several routine checks. This generated row is only for pipeline verification."
1,Synthetic useful headphones TR0465,"Synthetic smoke review TR0465. The headphones was simple to set up, and the materials felt appropriate while following the included directions. This generated row is only for pipeline verification."
1,Synthetic useful case TR0466,"Synthetic smoke review TR0466. The case was simple to set up, and the dimensions matched the listing while following the included directions. This generated row is only for pipeline verification."
0,Synthetic unsuitable cable TR0467,"Synthetic smoke review TR0467. The cable did not fit the intended space, and the controls were unresponsive after several routine checks. This generated row is only for pipeline verification."
1,Synthetic useful lamp TR0468,"Synthetic smoke review TR0468. The lamp arrived in good condition, and the controls were responsive during a short household trial. This generated row is only for pipeline verification."
0,Synthetic unsuitable organizer TR0469,"Synthetic smoke review TR0469. The organizer felt fragile, and the dimensions did not match the listing during a short household trial. This generated row is only for pipeline verification."
0,Synthetic unsuitable mug TR0470,"Synthetic smoke review TR0470. The mug arrived in poor condition, and the packaging left a part exposed without adding any extra accessories. This generated row is only for pipeline verification."
1,Synthetic useful lamp TR0471,"Synthetic smoke review TR0471. The lamp performed reliably, and the packaging protected every part without adding any extra accessories. This generated row is only for pipeline verification."
0,Synthetic unsuitable lamp TR0472,"Synthetic smoke review TR0472. The lamp felt fragile, and the finish was uneven without adding any extra accessories. This generated row is only for pipeline verification."
1,Synthetic useful adapter TR0473,"Synthetic smoke review TR0473. The adapter performed reliably, and the instructions were clear after several routine checks. This generated row is only for pipeline verification."
1,Synthetic useful notebook TR0474,"Synthetic smoke review TR0474. The notebook fit the intended space, and the controls were responsive after several routine checks. This generated row is only for pipeline verification."
1,Synthetic useful backpack TR0475,"Synthetic smoke review TR0475. The backpack performed reliably, and the finish was consistent during a short household trial. This generated row is only for pipeline verification."
0,Synthetic unsuitable backpack TR0476,"Synthetic smoke review TR0476. The backpack arrived in poor condition, and the packaging left a part exposed while following the included directions. This generated row is only for pipeline verification."
0,Synthetic unsuitable adapter TR0477,"Synthetic smoke review TR0477. The adapter performed inconsistently, and the instructions were unclear without adding any extra accessories. This generated row is only for pipeline verification."
1,Synthetic useful lamp TR0478,"Synthetic smoke review TR0478. The lamp arrived in good condition, and the packaging protected every part without adding any extra accessories. This generated row is only for pipeline verification."
0,Synthetic unsuitable cable TR0479,"Synthetic smoke review TR0479. The cable felt fragile, and the packaging left a part exposed without adding any extra accessories. This generated row is only for pipeline verification."
1,Synthetic useful cable TR0480,"Synthetic smoke review TR0480. The cable was simple to set up, and the instructions were clear after several routine checks. This generated row is only for pipeline verification."
0,Synthetic unsuitable mug TR0481,"Synthetic smoke review TR0481. The mug felt fragile, and the controls were unresponsive after several routine checks. This generated row is only for pipeline verification."
0,Synthetic unsuitable book TR0482,"Synthetic smoke review TR0482. The book performed inconsistently, and the dimensions did not match the listing during a short household trial. This generated row is only for pipeline verification."
1,Synthetic useful case TR0483,"Synthetic smoke review TR0483. The case performed reliably, and the dimensions matched the listing under ordinary indoor use. This generated row is only for pipeline verification."
0,Synthetic unsuitable case TR0484,"Synthetic smoke review TR0484. The case did not work as described, and the dimensions did not match the listing during a short household trial. This generated row is only for pipeline verification."
1,Synthetic useful notebook TR0485,"Synthetic smoke review TR0485. The notebook fit the intended space, and the finish was consistent after several routine checks. This generated row is only for pipeline verification."
0,Synthetic unsuitable case TR0486,"Synthetic smoke review TR0486. The case was difficult to set up, and the instructions were unclear after several routine checks. This generated row is only for pipeline verification."
1,Synthetic useful headphones TR0487,"Synthetic smoke review TR0487. The headphones worked as described, and the instructions were clear under ordinary indoor use. This generated row is only for pipeline verification."
0,Synthetic unsuitable case TR0488,"Synthetic smoke review TR0488. The case felt fragile, and the dimensions did not match the listing during a short household trial. This generated row is only for pipeline verification."
1,Synthetic useful adapter TR0489,"Synthetic smoke review TR0489. The adapter worked as described, and the finish was consistent after several routine checks. This generated row is only for pipeline verification."
0,Synthetic unsuitable backpack TR0490,"Synthetic smoke review TR0490. The backpack did not fit the intended space, and the dimensions did not match the listing during a short household trial. This generated row is only for pipeline verification."
0,Synthetic unsuitable backpack TR0491,"Synthetic smoke review TR0491. The backpack did not fit the intended space, and the controls were unresponsive without adding any extra accessories. This generated row is only for pipeline verification."
1,Synthetic useful lamp TR0492,"Synthetic smoke review TR0492. The lamp was simple to set up, and the packaging protected every part while following the included directions. This generated row is only for pipeline verification."
0,Synthetic unsuitable charger TR0493,"Synthetic smoke review TR0493. The charger felt fragile, and the materials felt unsuitable without adding any extra accessories. This generated row is only for pipeline verification."
0,Synthetic unsuitable charger TR0494,"Synthetic smoke review TR0494. The charger was difficult to set up, and the materials felt unsuitable during a short household trial. This generated row is only for pipeline verification."
0,Synthetic unsuitable mug TR0495,"Synthetic smoke review TR0495. The mug did not work as described, and the finish was uneven under ordinary indoor use. This generated row is only for pipeline verification."
0,Synthetic unsuitable cable TR0496,"Synthetic smoke review TR0496. The cable did not work as described, and the dimensions did not match the listing after several routine checks. This generated row is only for pipeline verification."
1,Synthetic useful case TR0497,"Synthetic smoke review TR0497. The case performed reliably, and the finish was consistent under ordinary indoor use. This generated row is only for pipeline verification."
0,Synthetic unsuitable headphones TR0498,"Synthetic smoke review TR0498. The headphones performed inconsistently, and the controls were unresponsive after several routine checks. This generated row is only for pipeline verification."
0,Synthetic unsuitable charger TR0499,"Synthetic smoke review TR0499. The charger was difficult to set up, and the finish was uneven during a short household trial. This generated row is only for pipeline verification."
1,Synthetic useful mug TR0500,"Synthetic smoke review TR0500. The mug worked as described, and the controls were responsive without adding any extra accessories. This generated row is only for pipeline verification."
0,Synthetic unsuitable notebook TR0501,"Synthetic smoke review TR0501. The notebook performed inconsistently, and the dimensions did not match the listing under ordinary indoor use. This generated row is only for pipeline verification."
1,Synthetic useful cable TR0502,"Synthetic smoke review TR0502. The cable was simple to set up, and the finish was consistent while following the included directions. This generated row is only for pipeline verification."
1,Synthetic useful charger TR0503,"Synthetic smoke review TR0503. The charger arrived in good condition, and the controls were responsive under ordinary indoor use. This generated row is only for pipeline verification."
0,Synthetic unsuitable lamp TR0504,"Synthetic smoke review TR0504. The lamp was difficult to set up, and the controls were unresponsive without adding any extra accessories. This generated row is only for pipeline verification."
1,Synthetic useful organizer TR0505,"Synthetic smoke review TR0505. The organizer worked as described, and the materials felt appropriate without adding any extra accessories. This generated row is only for pipeline verification."
1,Synthetic useful case TR0506,"Synthetic smoke review TR0506. The case performed reliably, and the finish was consistent without adding any extra accessories. This generated row is only for pipeline verification."
1,Synthetic useful notebook TR0507,"Synthetic smoke review TR0507. The notebook fit the intended space, and the instructions were clear without adding any extra accessories. This generated row is only for pipeline verification."
0,Synthetic unsuitable charger TR0508,"Synthetic smoke review TR0508. The charger felt fragile, and the controls were unresponsive under ordinary indoor use. This generated row is only for pipeline verification."
1,Synthetic useful cable TR0509,"Synthetic smoke review TR0509. The cable fit the intended space, and the packaging protected every part during a short household trial. This generated row is only for pipeline verification."
1,Synthetic useful headphones TR0510,"Synthetic smoke review TR0510. The headphones performed reliably, and the dimensions matched the listing while following the included directions. This generated row is only for pipeline verification."
0,Synthetic unsuitable cable TR0511,"Synthetic smoke review TR0511. The cable did not fit the intended space, and the dimensions did not match the listing after several routine checks. This generated row is only for pipeline verification."
0,Synthetic unsuitable notebook TR0512,"Synthetic smoke review TR0512. The notebook did not fit the intended space, and the dimensions did not match the listing under ordinary indoor use. This generated row is only for pipeline verification."
1,Synthetic useful notebook TR0513,"Synthetic smoke review TR0513. The notebook fit the intended space, and the controls were responsive while following the included directions. This generated row is only for pipeline verification."
0,Synthetic unsuitable adapter TR0514,"Synthetic smoke review TR0514. The adapter did not work as described, and the dimensions did not match the listing after several routine checks. This generated row is only for pipeline verification."
0,Synthetic unsuitable headphones TR0515,"Synthetic smoke review TR0515. The headphones was difficult to set up, and the packaging left a part exposed while following the included directions. This generated row is only for pipeline verification."
0,Synthetic unsuitable speaker TR0516,"Synthetic smoke review TR0516. The speaker did not fit the intended space, and the dimensions did not match the listing after several routine checks. This generated row is only for pipeline verification."
1,Synthetic useful book TR0517,"Synthetic smoke review TR0517. The book fit the intended space, and the packaging protected every part under ordinary indoor use. This generated row is only for pipeline verification."
0,Synthetic unsuitable organizer TR0518,"Synthetic smoke review TR0518. The organizer did not work as described, and the packaging left a part exposed without adding any extra accessories. This generated row is only for pipeline verification."
1,Synthetic useful speaker TR0519,"Synthetic smoke review TR0519. The speaker arrived in good condition, and the materials felt appropriate while following the included directions. This generated row is only for pipeline verification."
0,Synthetic unsuitable speaker TR0520,"Synthetic smoke review TR0520. The speaker arrived in poor condition, and the controls were unresponsive after several routine checks. This generated row is only for pipeline verification."
0,Synthetic unsuitable organizer TR0521,"Synthetic smoke review TR0521. The organizer did not work as described, and the dimensions did not match the listing after several routine checks. This generated row is only for pipeline verification."
1,Synthetic useful book TR0522,"Synthetic smoke review TR0522. The book performed reliably, and the packaging protected every part during a short household trial. This generated row is only for pipeline verification."
0,Synthetic unsuitable speaker TR0523,"Synthetic smoke review TR0523. The speaker was difficult to set up, and the packaging left a part exposed after several routine checks. This generated row is only for pipeline verification."
0,Synthetic unsuitable adapter TR0524,"Synthetic smoke review TR0524. The adapter was difficult to set up, and the packaging left a part exposed without adding any extra accessories. This generated row is only for pipeline verification."
0,Synthetic unsuitable backpack TR0525,"Synthetic smoke review TR0525. The backpack felt fragile, and the dimensions did not match the listing while following the included directions. This generated row is only for pipeline verification."
0,Synthetic unsuitable charger TR0526,"Synthetic smoke review TR0526. The charger did not fit the intended space, and the instructions were unclear while following the included directions. This generated row is only for pipeline verification."
1,Synthetic useful headphones TR0527,"Synthetic smoke review TR0527. The headphones fit the intended space, and the finish was consistent while following the included directions. This generated row is only for pipeline verification."
0,Synthetic unsuitable adapter TR0528,"Synthetic smoke review TR0528. The adapter arrived in poor condition, and the dimensions did not match the listing without adding any extra accessories. This generated row is only for pipeline verification."
1,Synthetic useful cable TR0529,"Synthetic smoke review TR0529. The cable performed reliably, and the controls were responsive under ordinary indoor use. This generated row is only for pipeline verification."
1,Synthetic useful mug TR0530,"Synthetic smoke review TR0530. The mug worked as described, and the instructions were clear while following the included directions. This generated row is only for pipeline verification."
0,Synthetic unsuitable mug TR0531,"Synthetic smoke review TR0531. The mug did not fit the intended space, and the materials felt unsuitable after several routine checks. This generated row is only for pipeline verification."
1,Synthetic useful case TR0532,"Synthetic smoke review TR0532. The case arrived in good condition, and the materials felt appropriate under ordinary indoor use. This generated row is only for pipeline verification."
0,Synthetic unsuitable backpack TR0533,"Synthetic smoke review TR0533. The backpack arrived in poor condition, and the controls were unresponsive after several routine checks. This generated row is only for pipeline verification."
1,Synthetic useful backpack TR0534,"Synthetic smoke review TR0534. The backpack arrived in good condition, and the instructions were clear without adding any extra accessories. This generated row is only for pipeline verification."
0,Synthetic unsuitable backpack TR0535,"Synthetic smoke review TR0535. The backpack arrived in poor condition, and the packaging left a part exposed without adding any extra accessories. This generated row is only for pipeline verification."
0,Synthetic unsuitable headphones TR0536,"Synthetic smoke review TR0536. The headphones arrived in poor condition, and the materials felt unsuitable after several routine checks. This generated row is only for pipeline verification."
0,Synthetic unsuitable notebook TR0537,"Synthetic smoke review TR0537. The notebook arrived in poor condition, and the dimensions did not match the listing under ordinary indoor use. This generated row is only for pipeline verification."
1,Synthetic useful backpack TR0538,"Synthetic smoke review TR0538. The backpack felt sturdy, and the controls were responsive after several routine checks. This generated row is only for pipeline verification."
0,Synthetic unsuitable lamp TR0539,"Synthetic smoke review TR0539. The lamp was difficult to set up, and the materials felt unsuitable under ordinary indoor use. This generated row is only for pipeline verification."
0,Synthetic unsuitable backpack TR0540,"Synthetic smoke review TR0540. The backpack performed inconsistently, and the dimensions did not match the listing under ordinary indoor use. This generated row is only for pipeline verification."
0,Synthetic unsuitable adapter TR0541,"Synthetic smoke review TR0541. The adapter performed inconsistently, and the materials felt unsuitable while following the included directions. This generated row is only for pipeline verification."
1,Synthetic useful mug TR0542,"Synthetic smoke review TR0542. The mug arrived in good condition, and the materials felt appropriate without adding any extra accessories. This generated row is only for pipeline verification."
0,Synthetic unsuitable organizer TR0543,"Synthetic smoke review TR0543. The organizer performed inconsistently, and the materials felt unsuitable without adding any extra accessories. This generated row is only for pipeline verification."
0,Synthetic unsuitable charger TR0544,"Synthetic smoke review TR0544. The charger felt fragile, and the materials felt unsuitable without adding any extra accessories. This generated row is only for pipeline verification."
1,Synthetic useful adapter TR0545,"Synthetic smoke review TR0545. The adapter felt sturdy, and the instructions were clear during a short household trial. This generated row is only for pipeline verification."
1,Synthetic useful headphones TR0546,"Synthetic smoke review TR0546. The headphones worked as described, and the instructions were clear without adding any extra accessories. This generated row is only for pipeline verification."
1,Synthetic useful charger TR0547,"Synthetic smoke review TR0547. The charger worked as described, and the controls were responsive after several routine checks. This generated row is only for pipeline verification."
0,Synthetic unsuitable backpack TR0548,"Synthetic smoke review TR0548. The backpack was difficult to set up, and the finish was uneven during a short household trial. This generated row is only for pipeline verification."
1,Synthetic useful notebook TR0549,"Synthetic smoke review TR0549. The notebook fit the intended space, and the finish was consistent after several routine checks. This generated row is only for pipeline verification."
0,Synthetic unsuitable lamp TR0550,"Synthetic smoke review TR0550. The lamp performed inconsistently, and the controls were unresponsive without adding any extra accessories. This generated row is only for pipeline verification."
1,Synthetic useful adapter TR0551,"Synthetic smoke review TR0551. The adapter felt sturdy, and the controls were responsive under ordinary indoor use. This generated row is only for pipeline verification."
1,Synthetic useful backpack TR0552,"Synthetic smoke review TR0552. The backpack fit the intended space, and the dimensions matched the listing while following the included directions. This generated row is only for pipeline verification."
0,Synthetic unsuitable book TR0553,"Synthetic smoke review TR0553. The book did not work as described, and the controls were unresponsive while following the included directions. This generated row is only for pipeline verification."
0,Synthetic unsuitable notebook TR0554,"Synthetic smoke review TR0554. The notebook did not work as described, and the instructions were unclear under ordinary indoor use. This generated row is only for pipeline verification."
1,Synthetic useful charger TR0555,"Synthetic smoke review TR0555. The charger worked as described, and the controls were responsive under ordinary indoor use. This generated row is only for pipeline verification."
1,Synthetic useful backpack TR0556,"Synthetic smoke review TR0556. The backpack worked as described, and the materials felt appropriate after several routine checks. This generated row is only for pipeline verification."
1,Synthetic useful adapter TR0557,"Synthetic smoke review TR0557. The adapter fit the intended space, and the materials felt appropriate under ordinary indoor use. This generated row is only for pipeline verification."
1,Synthetic useful organizer TR0558,"Synthetic smoke review TR0558. The organizer arrived in good condition, and the controls were responsive while following the included directions. This generated row is only for pipeline verification."
1,Synthetic useful charger TR0559,"Synthetic smoke review TR0559. The charger was simple to set up, and the finish was consistent without adding any extra accessories. This generated row is only for pipeline verification."
0,Synthetic unsuitable adapter TR0560,"Synthetic smoke review TR0560. The adapter did not fit the intended space, and the controls were unresponsive during a short household trial. This generated row is only for pipeline verification."
1,Synthetic useful headphones TR0561,"Synthetic smoke review TR0561. The headphones arrived in good condition, and the finish was consistent during a short household trial. This generated row is only for pipeline verification."
1,Synthetic useful mug TR0562,"Synthetic smoke review TR0562. The mug felt sturdy, and the finish was consistent under ordinary indoor use. This generated row is only for pipeline verification."
1,Synthetic useful lamp TR0563,"Synthetic smoke review TR0563. The lamp performed reliably, and the materials felt appropriate during a short household trial. This generated row is only for pipeline verification."
0,Synthetic unsuitable cable TR0564,"Synthetic smoke review TR0564. The cable did not work as described, and the finish was uneven during a short household trial. This generated row is only for pipeline verification."
1,Synthetic useful notebook TR0565,"Synthetic smoke review TR0565. The notebook felt sturdy, and the finish was consistent during a short household trial. This generated row is only for pipeline verification."
0,Synthetic unsuitable backpack TR0566,"Synthetic smoke review TR0566. The backpack felt fragile, and the materials felt unsuitable during a short household trial. This generated row is only for pipeline verification."
1,Synthetic useful cable TR0567,"Synthetic smoke review TR0567. The cable fit the intended space, and the controls were responsive without adding any extra accessories. This generated row is only for pipeline verification."
1,Synthetic useful case TR0568,"Synthetic smoke review TR0568. The case worked as described, and the controls were responsive during a short household trial. This generated row is only for pipeline verification."
0,Synthetic unsuitable cable TR0569,"Synthetic smoke review TR0569. The cable arrived in poor condition, and the finish was uneven without adding any extra accessories. This generated row is only for pipeline verification."
1,Synthetic useful mug TR0570,"Synthetic smoke review TR0570. The mug performed reliably, and the materials felt appropriate under ordinary indoor use. This generated row is only for pipeline verification."
0,Synthetic unsuitable mug TR0571,"Synthetic smoke review TR0571. The mug did not work as described, and the finish was uneven after several routine checks. This generated row is only for pipeline verification."
1,Synthetic useful mug TR0572,"Synthetic smoke review TR0572. The mug performed reliably, and the instructions were clear under ordinary indoor use. This generated row is only for pipeline verification."
1,Synthetic useful adapter TR0573,"Synthetic smoke review TR0573. The adapter arrived in good condition, and the packaging protected every part without adding any extra accessories. This generated row is only for pipeline verification."
0,Synthetic unsuitable notebook TR0574,"Synthetic smoke review TR0574. The notebook did not work as described, and the packaging left a part exposed during a short household trial. This generated row is only for pipeline verification."
1,Synthetic useful cable TR0575,"Synthetic smoke review TR0575. The cable worked as described, and the controls were responsive during a short household trial. This generated row is only for pipeline verification."
1,Synthetic useful charger TR0576,"Synthetic smoke review TR0576. The charger felt sturdy, and the materials felt appropriate under ordinary indoor use. This generated row is only for pipeline verification."
1,Synthetic useful lamp TR0577,"Synthetic smoke review TR0577. The lamp fit the intended space, and the materials felt appropriate under ordinary indoor use. This generated row is only for pipeline verification."
1,Synthetic useful lamp TR0578,"Synthetic smoke review TR0578. The lamp worked as described, and the packaging protected every part while following the included directions. This generated row is only for pipeline verification."
0,Synthetic unsuitable cable TR0579,"Synthetic smoke review TR0579. The cable arrived in poor condition, and the finish was uneven during a short household trial. This generated row is only for pipeline verification."
1,Synthetic useful backpack TR0580,"Synthetic smoke review TR0580. The backpack performed reliably, and the controls were responsive while following the included directions. This generated row is only for pipeline verification."
1,Synthetic useful lamp TR0581,"Synthetic smoke review TR0581. The lamp performed reliably, and the dimensions matched the listing after several routine checks. This generated row is only for pipeline verification."
0,Synthetic unsuitable charger TR0582,"Synthetic smoke review TR0582. The charger was difficult to set up, and the controls were unresponsive while following the included directions. This generated row is only for pipeline verification."
0,Synthetic unsuitable cable TR0583,"Synthetic smoke review TR0583. The cable was difficult to set up, and the controls were unresponsive without adding any extra accessories. This generated row is only for pipeline verification."
0,Synthetic unsuitable charger TR0584,"Synthetic smoke review TR0584. The charger felt fragile, and the packaging left a part exposed during a short household trial. This generated row is only for pipeline verification."
1,Synthetic useful organizer TR0585,"Synthetic smoke review TR0585. The organizer was simple to set up, and the materials felt appropriate under ordinary indoor use. This generated row is only for pipeline verification."
0,Synthetic unsuitable headphones TR0586,"Synthetic smoke review TR0586. The headphones felt fragile, and the dimensions did not match the listing under ordinary indoor use. This generated row is only for pipeline verification."
1,Synthetic useful backpack TR0587,"Synthetic smoke review TR0587. The backpack arrived in good condition, and the materials felt appropriate without adding any extra accessories. This generated row is only for pipeline verification."
0,Synthetic unsuitable mug TR0588,"Synthetic smoke review TR0588. The mug felt fragile, and the materials felt unsuitable without adding any extra accessories. This generated row is only for pipeline verification."
0,Synthetic unsuitable adapter TR0589,"Synthetic smoke review TR0589. The adapter performed inconsistently, and the instructions were unclear while following the included directions. This generated row is only for pipeline verification."
0,Synthetic unsuitable adapter TR0590,"Synthetic smoke review TR0590. The adapter did not work as described, and the dimensions did not match the listing under ordinary indoor use. This generated row is only for pipeline verification."
1,Synthetic useful organizer TR0591,"Synthetic smoke review TR0591. The organizer was simple to set up, and the controls were responsive without adding any extra accessories. This generated row is only for pipeline verification."
1,Synthetic useful charger TR0592,"Synthetic smoke review TR0592. The charger was simple to set up, and the dimensions matched the listing without adding any extra accessories. This generated row is only for pipeline verification."
0,Synthetic unsuitable organizer TR0593,"Synthetic smoke review TR0593. The organizer felt fragile, and the packaging left a part exposed without adding any extra accessories. This generated row is only for pipeline verification."
0,Synthetic unsuitable speaker TR0594,"Synthetic smoke review TR0594. The speaker arrived in poor condition, and the instructions were unclear without adding any extra accessories. This generated row is only for pipeline verification."
1,Synthetic useful mug TR0595,"Synthetic smoke review TR0595. The mug was simple to set up, and the materials felt appropriate during a short household trial. This generated row is only for pipeline verification."
0,Synthetic unsuitable lamp TR0596,"Synthetic smoke review TR0596. The lamp was difficult to set up, and the materials felt unsuitable without adding any extra accessories. This generated row is only for pipeline verification."
1,Synthetic useful book TR0597,"Synthetic smoke review TR0597. The book fit the intended space, and the dimensions matched the listing during a short household trial. This generated row is only for pipeline verification."
1,Synthetic useful adapter TR0598,"Synthetic smoke review TR0598. The adapter performed reliably, and the instructions were clear without adding any extra accessories. This generated row is only for pipeline verification."
0,Synthetic unsuitable charger TR0599,"Synthetic smoke review TR0599. The charger was difficult to set up, and the instructions were unclear under ordinary indoor use. This generated row is only for pipeline verification."
0,Synthetic unsuitable charger TR0600,"Synthetic smoke review TR0600. The charger felt fragile, and the finish was uneven under ordinary indoor use. This generated row is only for pipeline verification."
1,Synthetic useful adapter TR0601,"Synthetic smoke review TR0601. The adapter arrived in good condition, and the instructions were clear under ordinary indoor use. This generated row is only for pipeline verification."
1,Synthetic useful notebook TR0602,"Synthetic smoke review TR0602. The notebook arrived in good condition, and the instructions were clear under ordinary indoor use. This generated row is only for pipeline verification."
1,Synthetic useful organizer TR0603,"Synthetic smoke review TR0603. The organizer arrived in good condition, and the controls were responsive without adding any extra accessories. This generated row is only for pipeline verification."
0,Synthetic unsuitable backpack TR0604,"Synthetic smoke review TR0604. The backpack was difficult to set up, and the packaging left a part exposed under ordinary indoor use. This generated row is only for pipeline verification."
0,Synthetic unsuitable speaker TR0605,"Synthetic smoke review TR0605. The speaker felt fragile, and the finish was uneven under ordinary indoor use. This generated row is only for pipeline verification."
0,Synthetic unsuitable cable TR0606,"Synthetic smoke review TR0606. The cable did not work as described, and the materials felt unsuitable without adding any extra accessories. This generated row is only for pipeline verification."
0,Synthetic unsuitable notebook TR0607,"Synthetic smoke review TR0607. The notebook felt fragile, and the instructions were unclear after several routine checks. This generated row is only for pipeline verification."
1,Synthetic useful backpack TR0608,"Synthetic smoke review TR0608. The backpack worked as described, and the finish was consistent during a short household trial. This generated row is only for pipeline verification."
0,Synthetic unsuitable mug TR0609,"Synthetic smoke review TR0609. The mug did not fit the intended space, and the dimensions did not match the listing without adding any extra accessories. This generated row is only for pipeline verification."
1,Synthetic useful mug TR0610,"Synthetic smoke review TR0610. The mug was simple to set up, and the dimensions matched the listing during a short household trial. This generated row is only for pipeline verification."
1,Synthetic useful notebook TR0611,"Synthetic smoke review TR0611. The notebook fit the intended space, and the controls were responsive after several routine checks. This generated row is only for pipeline verification."
0,Synthetic unsuitable cable TR0612,"Synthetic smoke review TR0612. The cable was difficult to set up, and the packaging left a part exposed under ordinary indoor use. This generated row is only for pipeline verification."
0,Synthetic unsuitable book TR0613,"Synthetic smoke review TR0613. The book felt fragile, and the dimensions did not match the listing after several routine checks. This generated row is only for pipeline verification."
1,Synthetic useful lamp TR0614,"Synthetic smoke review TR0614. The lamp arrived in good condition, and the instructions were clear under ordinary indoor use. This generated row is only for pipeline verification."
1,Synthetic useful adapter TR0615,"Synthetic smoke review TR0615. The adapter performed reliably, and the dimensions matched the listing without adding any extra accessories. This generated row is only for pipeline verification."
0,Synthetic unsuitable headphones TR0616,"Synthetic smoke review TR0616. The headphones arrived in poor condition, and the packaging left a part exposed during a short household trial. This generated row is only for pipeline verification."
0,Synthetic unsuitable lamp TR0617,"Synthetic smoke review TR0617. The lamp did not work as described, and the controls were unresponsive while following the included directions. This generated row is only for pipeline verification."
0,Synthetic unsuitable mug TR0618,"Synthetic smoke review TR0618. The mug performed inconsistently, and the materials felt unsuitable without adding any extra accessories. This generated row is only for pipeline verification."
0,Synthetic unsuitable adapter TR0619,"Synthetic smoke review TR0619. The adapter was difficult to set up, and the finish was uneven while following the included directions. This generated row is only for pipeline verification."
1,Synthetic useful speaker TR0620,"Synthetic smoke review TR0620. The speaker worked as described, and the instructions were clear after several routine checks. This generated row is only for pipeline verification."
0,Synthetic unsuitable book TR0621,"Synthetic smoke review TR0621. The book was difficult to set up, and the instructions were unclear while following the included directions. This generated row is only for pipeline verification."
0,Synthetic unsuitable book TR0622,"Synthetic smoke review TR0622. The book performed inconsistently, and the finish was uneven under ordinary indoor use. This generated row is only for pipeline verification."
0,Synthetic unsuitable lamp TR0623,"Synthetic smoke review TR0623. The lamp performed inconsistently, and the controls were unresponsive without adding any extra accessories. This generated row is only for pipeline verification."
0,Synthetic unsuitable case TR0624,"Synthetic smoke review TR0624. The case performed inconsistently, and the dimensions did not match the listing without adding any extra accessories. This generated row is only for pipeline verification."
0,Synthetic unsuitable cable TR0625,"Synthetic smoke review TR0625. The cable performed inconsistently, and the instructions were unclear while following the included directions. This generated row is only for pipeline verification."
0,Synthetic unsuitable backpack TR0626,"Synthetic smoke review TR0626. The backpack was difficult to set up, and the instructions were unclear while following the included directions. This generated row is only for pipeline verification."
0,Synthetic unsuitable notebook TR0627,"Synthetic smoke review TR0627. The notebook was difficult to set up, and the instructions were unclear under ordinary indoor use. This generated row is only for pipeline verification."
1,Synthetic useful headphones TR0628,"Synthetic smoke review TR0628. The headphones fit the intended space, and the instructions were clear during a short household trial. This generated row is only for pipeline verification."
0,Synthetic unsuitable cable TR0629,"Synthetic smoke review TR0629. The cable did not fit the intended space, and the controls were unresponsive under ordinary indoor use. This generated row is only for pipeline verification."
1,Synthetic useful lamp TR0630,"Synthetic smoke review TR0630. The lamp was simple to set up, and the dimensions matched the listing after several routine checks. This generated row is only for pipeline verification."
0,Synthetic unsuitable case TR0631,"Synthetic smoke review TR0631. The case performed inconsistently, and the finish was uneven after several routine checks. This generated row is only for pipeline verification."
0,Synthetic unsuitable charger TR0632,"Synthetic smoke review TR0632. The charger felt fragile, and the finish was uneven during a short household trial. This generated row is only for pipeline verification."
0,Synthetic unsuitable case TR0633,"Synthetic smoke review TR0633. The case felt fragile, and the packaging left a part exposed under ordinary indoor use. This generated row is only for pipeline verification."
0,Synthetic unsuitable speaker TR0634,"Synthetic smoke review TR0634. The speaker did not fit the intended space, and the controls were unresponsive after several routine checks. This generated row is only for pipeline verification."
0,Synthetic unsuitable headphones TR0635,"Synthetic smoke review TR0635. The headphones did not fit the intended space, and the instructions were unclear during a short household trial. This generated row is only for pipeline verification."
0,Synthetic unsuitable backpack TR0636,"Synthetic smoke review TR0636. The backpack performed inconsistently, and the instructions were unclear after several routine checks. This generated row is only for pipeline verification."
1,Synthetic useful speaker TR0637,"Synthetic smoke review TR0637. The speaker fit the intended space, and the controls were responsive while following the included directions. This generated row is only for pipeline verification."
0,Synthetic unsuitable notebook TR0638,"Synthetic smoke review TR0638. The notebook arrived in poor condition, and the finish was uneven while following the included directions. This generated row is only for pipeline verification."
0,Synthetic unsuitable charger TR0639,"Synthetic smoke review TR0639. The charger performed inconsistently, and the dimensions did not match the listing under ordinary indoor use. This generated row is only for pipeline verification."
0,Synthetic unsuitable notebook TR0640,"Synthetic smoke review TR0640. The notebook was difficult to set up, and the finish was uneven during a short household trial. This generated row is only for pipeline verification."
1,Synthetic useful mug TR0641,"Synthetic smoke review TR0641. The mug worked as described, and the dimensions matched the listing after several routine checks. This generated row is only for pipeline verification."
0,Synthetic unsuitable charger TR0642,"Synthetic smoke review TR0642. The charger felt fragile, and the controls were unresponsive after several routine checks. This generated row is only for pipeline verification."
1,Synthetic useful headphones TR0643,"Synthetic smoke review TR0643. The headphones was simple to set up, and the packaging protected every part under ordinary indoor use. This generated row is only for pipeline verification."
1,Synthetic useful adapter TR0644,"Synthetic smoke review TR0644. The adapter fit the intended space, and the instructions were clear under ordinary indoor use. This generated row is only for pipeline verification."
0,Synthetic unsuitable book TR0645,"Synthetic smoke review TR0645. The book felt fragile, and the materials felt unsuitable while following the included directions. This generated row is only for pipeline verification."
1,Synthetic useful headphones TR0646,"Synthetic smoke review TR0646. The headphones felt sturdy, and the instructions were clear after several routine checks. This generated row is only for pipeline verification."
1,Synthetic useful adapter TR0647,"Synthetic smoke review TR0647. The adapter was simple to set up, and the materials felt appropriate while following the included directions. This generated row is only for pipeline verification."
1,Synthetic useful organizer TR0648,"Synthetic smoke review TR0648. The organizer was simple to set up, and the controls were responsive under ordinary indoor use. This generated row is only for pipeline verification."
1,Synthetic useful book TR0649,"Synthetic smoke review TR0649. The book fit the intended space, and the packaging protected every part after several routine checks. This generated row is only for pipeline verification."
0,Synthetic unsuitable charger TR0650,"Synthetic smoke review TR0650. The charger was difficult to set up, and the dimensions did not match the listing during a short household trial. This generated row is only for pipeline verification."
0,Synthetic unsuitable cable TR0651,"Synthetic smoke review TR0651. The cable did not fit the intended space, and the controls were unresponsive without adding any extra accessories. This generated row is only for pipeline verification."
1,Synthetic useful backpack TR0652,"Synthetic smoke review TR0652. The backpack fit the intended space, and the materials felt appropriate under ordinary indoor use. This generated row is only for pipeline verification."
1,Synthetic useful notebook TR0653,"Synthetic smoke review TR0653. The notebook performed reliably, and the materials felt appropriate while following the included directions. This generated row is only for pipeline verification."
1,Synthetic useful book TR0654,"Synthetic smoke review TR0654. The book was simple to set up, and the controls were responsive under ordinary indoor use. This generated row is only for pipeline verification."
0,Synthetic unsuitable adapter TR0655,"Synthetic smoke review TR0655. The adapter performed inconsistently, and the packaging left a part exposed during a short household trial. This generated row is only for pipeline verification."
1,Synthetic useful adapter TR0656,"Synthetic smoke review TR0656. The adapter was simple to set up, and the dimensions matched the listing under ordinary indoor use. This generated row is only for pipeline verification."
0,Synthetic unsuitable organizer TR0657,"Synthetic smoke review TR0657. The organizer was difficult to set up, and the dimensions did not match the listing after several routine checks. This generated row is only for pipeline verification."
0,Synthetic unsuitable notebook TR0658,"Synthetic smoke review TR0658. The notebook felt fragile, and the packaging left a part exposed under ordinary indoor use. This generated row is only for pipeline verification."
1,Synthetic useful speaker TR0659,"Synthetic smoke review TR0659. The speaker felt sturdy, and the controls were responsive after several routine checks. This generated row is only for pipeline verification."
0,Synthetic unsuitable headphones TR0660,"Synthetic smoke review TR0660. The headphones felt fragile, and the materials felt unsuitable after several routine checks. This generated row is only for pipeline verification."
0,Synthetic unsuitable case TR0661,"Synthetic smoke review TR0661. The case felt fragile, and the materials felt unsuitable after several routine checks. This generated row is only for pipeline verification."
1,Synthetic useful backpack TR0662,"Synthetic smoke review TR0662. The backpack performed reliably, and the packaging protected every part while following the included directions. This generated row is only for pipeline verification."
0,Synthetic unsuitable backpack TR0663,"Synthetic smoke review TR0663. The backpack felt fragile, and the materials felt unsuitable under ordinary indoor use. This generated row is only for pipeline verification."
1,Synthetic useful case TR0664,"Synthetic smoke review TR0664. The case felt sturdy, and the instructions were clear after several routine checks. This generated row is only for pipeline verification."
0,Synthetic unsuitable notebook TR0665,"Synthetic smoke review TR0665. The notebook arrived in poor condition, and the packaging left a part exposed while following the included directions. This generated row is only for pipeline verification."
0,Synthetic unsuitable backpack TR0666,"Synthetic smoke review TR0666. The backpack arrived in poor condition, and the finish was uneven under ordinary indoor use. This generated row is only for pipeline verification."
0,Synthetic unsuitable book TR0667,"Synthetic smoke review TR0667. The book arrived in poor condition, and the instructions were unclear under ordinary indoor use. This generated row is only for pipeline verification."
0,Synthetic unsuitable adapter TR0668,"Synthetic smoke review TR0668. The adapter performed inconsistently, and the dimensions did not match the listing without adding any extra accessories. This generated row is only for pipeline verification."
1,Synthetic useful cable TR0669,"Synthetic smoke review TR0669. The cable felt sturdy, and the materials felt appropriate while following the included directions. This generated row is only for pipeline verification."
1,Synthetic useful adapter TR0670,"Synthetic smoke review TR0670. The adapter was simple to set up, and the finish was consistent during a short household trial. This generated row is only for pipeline verification."
0,Synthetic unsuitable cable TR0671,"Synthetic smoke review TR0671. The cable did not work as described, and the instructions were unclear after several routine checks. This generated row is only for pipeline verification."
1,Synthetic useful case TR0672,"Synthetic smoke review TR0672. The case fit the intended space, and the instructions were clear while following the included directions. This generated row is only for pipeline verification."
1,Synthetic useful speaker TR0673,"Synthetic smoke review TR0673. The speaker was simple to set up, and the instructions were clear while following the included directions. This generated row is only for pipeline verification."
1,Synthetic useful speaker TR0674,"Synthetic smoke review TR0674. The speaker was simple to set up, and the controls were responsive under ordinary indoor use. This generated row is only for pipeline verification."
1,Synthetic useful mug TR0675,"Synthetic smoke review TR0675. The mug felt sturdy, and the packaging protected every part after several routine checks. This generated row is only for pipeline verification."
1,Synthetic useful adapter TR0676,"Synthetic smoke review TR0676. The adapter worked as described, and the dimensions matched the listing under ordinary indoor use. This generated row is only for pipeline verification."
0,Synthetic unsuitable cable TR0677,"Synthetic smoke review TR0677. The cable arrived in poor condition, and the finish was uneven under ordinary indoor use. This generated row is only for pipeline verification."
0,Synthetic unsuitable speaker TR0678,"Synthetic smoke review TR0678. The speaker did not work as described, and the controls were unresponsive during a short household trial. This generated row is only for pipeline verification."
1,Synthetic useful headphones TR0679,"Synthetic smoke review TR0679. The headphones worked as described, and the instructions were clear under ordinary indoor use. This generated row is only for pipeline verification."
1,Synthetic useful case TR0680,"Synthetic smoke review TR0680. The case felt sturdy, and the finish was consistent without adding any extra accessories. This generated row is only for pipeline verification."
1,Synthetic useful headphones TR0681,"Synthetic smoke review TR0681. The headphones arrived in good condition, and the instructions were clear during a short household trial. This generated row is only for pipeline verification."
1,Synthetic useful speaker TR0682,"Synthetic smoke review TR0682. The speaker arrived in good condition, and the packaging protected every part during a short household trial. This generated row is only for pipeline verification."
1,Synthetic useful book TR0683,"Synthetic smoke review TR0683. The book was simple to set up, and the materials felt appropriate under ordinary indoor use. This generated row is only for pipeline verification."
0,Synthetic unsuitable headphones TR0684,"Synthetic smoke review TR0684. The headphones arrived in poor condition, and the controls were unresponsive after several routine checks. This generated row is only for pipeline verification."
0,Synthetic unsuitable case TR0685,"Synthetic smoke review TR0685. The case performed inconsistently, and the packaging left a part exposed without adding any extra accessories. This generated row is only for pipeline verification."
1,Synthetic useful case TR0686,"Synthetic smoke review TR0686. The case fit the intended space, and the materials felt appropriate without adding any extra accessories. This generated row is only for pipeline verification."
0,Synthetic unsuitable headphones TR0687,"Synthetic smoke review TR0687. The headphones did not fit the intended space, and the controls were unresponsive during a short household trial. This generated row is only for pipeline verification."
0,Synthetic unsuitable headphones TR0688,"Synthetic smoke review TR0688. The headphones performed inconsistently, and the dimensions did not match the listing without adding any extra accessories. This generated row is only for pipeline verification."
0,Synthetic unsuitable cable TR0689,"Synthetic smoke review TR0689. The cable did not work as described, and the controls were unresponsive during a short household trial. This generated row is only for pipeline verification."
0,Synthetic unsuitable cable TR0690,"Synthetic smoke review TR0690. The cable did not fit the intended space, and the controls were unresponsive without adding any extra accessories. This generated row is only for pipeline verification."
0,Synthetic unsuitable case TR0691,"Synthetic smoke review TR0691. The case felt fragile, and the dimensions did not match the listing after several routine checks. This generated row is only for pipeline verification."
1,Synthetic useful backpack TR0692,"Synthetic smoke review TR0692. The backpack felt sturdy, and the packaging protected every part during a short household trial. This generated row is only for pipeline verification."
1,Synthetic useful headphones TR0693,"Synthetic smoke review TR0693. The headphones fit the intended space, and the materials felt appropriate during a short household trial. This generated row is only for pipeline verification."
0,Synthetic unsuitable lamp TR0694,"Synthetic smoke review TR0694. The lamp did not fit the intended space, and the materials felt unsuitable under ordinary indoor use. This generated row is only for pipeline verification."
1,Synthetic useful lamp TR0695,"Synthetic smoke review TR0695. The lamp felt sturdy, and the materials felt appropriate without adding any extra accessories. This generated row is only for pipeline verification."
1,Synthetic useful backpack TR0696,"Synthetic smoke review TR0696. The backpack worked as described, and the instructions were clear during a short household trial. This generated row is only for pipeline verification."
1,Synthetic useful case TR0697,"Synthetic smoke review TR0697. The case performed reliably, and the materials felt appropriate while following the included directions. This generated row is only for pipeline verification."
0,Synthetic unsuitable organizer TR0698,"Synthetic smoke review TR0698. The organizer did not fit the intended space, and the finish was uneven under ordinary indoor use. This generated row is only for pipeline verification."
1,Synthetic useful adapter TR0699,"Synthetic smoke review TR0699. The adapter felt sturdy, and the finish was consistent during a short household trial. This generated row is only for pipeline verification."
1,Synthetic useful charger TR0700,"Synthetic smoke review TR0700. The charger worked as described, and the materials felt appropriate while following the included directions. This generated row is only for pipeline verification."
1,Synthetic useful organizer TR0701,"Synthetic smoke review TR0701. The organizer was simple to set up, and the packaging protected every part after several routine checks. This generated row is only for pipeline verification."
1,Synthetic useful organizer TR0702,"Synthetic smoke review TR0702. The organizer performed reliably, and the materials felt appropriate after several routine checks. This generated row is only for pipeline verification."
0,Synthetic unsuitable case TR0703,"Synthetic smoke review TR0703. The case performed inconsistently, and the materials felt unsuitable after several routine checks. This generated row is only for pipeline verification."
0,Synthetic unsuitable organizer TR0704,"Synthetic smoke review TR0704. The organizer did not fit the intended space, and the finish was uneven after several routine checks. This generated row is only for pipeline verification."
0,Synthetic unsuitable case TR0705,"Synthetic smoke review TR0705. The case felt fragile, and the finish was uneven while following the included directions. This generated row is only for pipeline verification."
0,Synthetic unsuitable cable TR0706,"Synthetic smoke review TR0706. The cable performed inconsistently, and the instructions were unclear during a short household trial. This generated row is only for pipeline verification."
1,Synthetic useful adapter TR0707,"Synthetic smoke review TR0707. The adapter fit the intended space, and the controls were responsive after several routine checks. This generated row is only for pipeline verification."
0,Synthetic unsuitable backpack TR0708,"Synthetic smoke review TR0708. The backpack did not work as described, and the packaging left a part exposed while following the included directions. This generated row is only for pipeline verification."
0,Synthetic unsuitable headphones TR0709,"Synthetic smoke review TR0709. The headphones performed inconsistently, and the finish was uneven after several routine checks. This generated row is only for pipeline verification."
0,Synthetic unsuitable lamp TR0710,"Synthetic smoke review TR0710. The lamp did not work as described, and the materials felt unsuitable after several routine checks. This generated row is only for pipeline verification."
0,Synthetic unsuitable lamp TR0711,"Synthetic smoke review TR0711. The lamp arrived in poor condition, and the instructions were unclear while following the included directions. This generated row is only for pipeline verification."
1,Synthetic useful book TR0712,"Synthetic smoke review TR0712. The book fit the intended space, and the controls were responsive without adding any extra accessories. This generated row is only for pipeline verification."
1,Synthetic useful speaker TR0713,"Synthetic smoke review TR0713. The speaker was simple to set up, and the dimensions matched the listing after several routine checks. This generated row is only for pipeline verification."
0,Synthetic unsuitable backpack TR0714,"Synthetic smoke review TR0714. The backpack arrived in poor condition, and the instructions were unclear under ordinary indoor use. This generated row is only for pipeline verification."
1,Synthetic useful book TR0715,"Synthetic smoke review TR0715. The book was simple to set up, and the materials felt appropriate during a short household trial. This generated row is only for pipeline verification."
1,Synthetic useful lamp TR0716,"Synthetic smoke review TR0716. The lamp worked as described, and the packaging protected every part during a short household trial. This generated row is only for pipeline verification."
1,Synthetic useful speaker TR0717,"Synthetic smoke review TR0717. The speaker felt sturdy, and the packaging protected every part while following the included directions. This generated row is only for pipeline verification."
0,Synthetic unsuitable adapter TR0718,"Synthetic smoke review TR0718. The adapter did not work as described, and the controls were unresponsive without adding any extra accessories. This generated row is only for pipeline verification."
0,Synthetic unsuitable organizer TR0719,"Synthetic smoke review TR0719. The organizer was difficult to set up, and the materials felt unsuitable after several routine checks. This generated row is only for pipeline verification."
1,Synthetic useful mug TR0720,"Synthetic smoke review TR0720. The mug felt sturdy, and the finish was consistent without adding any extra accessories. This generated row is only for pipeline verification."
0,Synthetic unsuitable speaker TR0721,"Synthetic smoke review TR0721. The speaker did not work as described, and the instructions were unclear during a short household trial. This generated row is only for pipeline verification."
0,Synthetic unsuitable lamp TR0722,"Synthetic smoke review TR0722. The lamp felt fragile, and the packaging left a part exposed after several routine checks. This generated row is only for pipeline verification."
1,Synthetic useful cable TR0723,"Synthetic smoke review TR0723. The cable was simple to set up, and the controls were responsive during a short household trial. This generated row is only for pipeline verification."
0,Synthetic unsuitable mug TR0724,"Synthetic smoke review TR0724. The mug was difficult to set up, and the materials felt unsuitable without adding any extra accessories. This generated row is only for pipeline verification."
1,Synthetic useful headphones TR0725,"Synthetic smoke review TR0725. The headphones arrived in good condition, and the instructions were clear during a short household trial. This generated row is only for pipeline verification."
1,Synthetic useful mug TR0726,"Synthetic smoke review TR0726. The mug was simple to set up, and the controls were responsive after several routine checks. This generated row is only for pipeline verification."
0,Synthetic unsuitable cable TR0727,"Synthetic smoke review TR0727. The cable performed inconsistently, and the instructions were unclear without adding any extra accessories. This generated row is only for pipeline verification."
0,Synthetic unsuitable lamp TR0728,"Synthetic smoke review TR0728. The lamp felt fragile, and the instructions were unclear without adding any extra accessories. This generated row is only for pipeline verification."
1,Synthetic useful organizer TR0729,"Synthetic smoke review TR0729. The organizer was simple to set up, and the finish was consistent while following the included directions. This generated row is only for pipeline verification."
0,Synthetic unsuitable charger TR0730,"Synthetic smoke review TR0730. The charger did not fit the intended space, and the controls were unresponsive during a short household trial. This generated row is only for pipeline verification."
0,Synthetic unsuitable adapter TR0731,"Synthetic smoke review TR0731. The adapter performed inconsistently, and the materials felt unsuitable after several routine checks. This generated row is only for pipeline verification."
1,Synthetic useful notebook TR0732,"Synthetic smoke review TR0732. The notebook was simple to set up, and the materials felt appropriate under ordinary indoor use. This generated row is only for pipeline verification."
0,Synthetic unsuitable book TR0733,"Synthetic smoke review TR0733. The book performed inconsistently, and the dimensions did not match the listing without adding any extra accessories. This generated row is only for pipeline verification."
1,Synthetic useful book TR0734,"Synthetic smoke review TR0734. The book was simple to set up, and the packaging protected every part under ordinary indoor use. This generated row is only for pipeline verification."
0,Synthetic unsuitable speaker TR0735,"Synthetic smoke review TR0735. The speaker was difficult to set up, and the materials felt unsuitable after several routine checks. This generated row is only for pipeline verification."
1,Synthetic useful lamp TR0736,"Synthetic smoke review TR0736. The lamp arrived in good condition, and the materials felt appropriate after several routine checks. This generated row is only for pipeline verification."
0,Synthetic unsuitable cable TR0737,"Synthetic smoke review TR0737. The cable was difficult to set up, and the packaging left a part exposed without adding any extra accessories. This generated row is only for pipeline verification."
0,Synthetic unsuitable mug TR0738,"Synthetic smoke review TR0738. The mug felt fragile, and the instructions were unclear under ordinary indoor use. This generated row is only for pipeline verification."
0,Synthetic unsuitable cable TR0739,"Synthetic smoke review TR0739. The cable did not work as described, and the materials felt unsuitable while following the included directions. This generated row is only for pipeline verification."
0,Synthetic unsuitable backpack TR0740,"Synthetic smoke review TR0740. The backpack arrived in poor condition, and the controls were unresponsive without adding any extra accessories. This generated row is only for pipeline verification."
0,Synthetic unsuitable case TR0741,"Synthetic smoke review TR0741. The case felt fragile, and the packaging left a part exposed during a short household trial. This generated row is only for pipeline verification."
0,Synthetic unsuitable adapter TR0742,"Synthetic smoke review TR0742. The adapter was difficult to set up, and the instructions were unclear while following the included directions. This generated row is only for pipeline verification."
1,Synthetic useful charger TR0743,"Synthetic smoke review TR0743. The charger worked as described, and the finish was consistent while following the included directions. This generated row is only for pipeline verification."
0,Synthetic unsuitable cable TR0744,"Synthetic smoke review TR0744. The cable did not work as described, and the instructions were unclear during a short household trial. This generated row is only for pipeline verification."
1,Synthetic useful case TR0745,"Synthetic smoke review TR0745. The case was simple to set up, and the controls were responsive under ordinary indoor use. This generated row is only for pipeline verification."
0,Synthetic unsuitable speaker TR0746,"Synthetic smoke review TR0746. The speaker arrived in poor condition, and the instructions were unclear under ordinary indoor use. This generated row is only for pipeline verification."
0,Synthetic unsuitable adapter TR0747,"Synthetic smoke review TR0747. The adapter was difficult to set up, and the instructions were unclear after several routine checks. This generated row is only for pipeline verification."
0,Synthetic unsuitable speaker TR0748,"Synthetic smoke review TR0748. The speaker performed inconsistently, and the instructions were unclear after several routine checks. This generated row is only for pipeline verification."
0,Synthetic unsuitable headphones TR0749,"Synthetic smoke review TR0749. The headphones was difficult to set up, and the dimensions did not match the listing under ordinary indoor use. This generated row is only for pipeline verification."
0,Synthetic unsuitable cable TR0750,"Synthetic smoke review TR0750. The cable arrived in poor condition, and the dimensions did not match the listing after several routine checks. This generated row is only for pipeline verification."
1,Synthetic useful adapter TR0751,"Synthetic smoke review TR0751. The adapter fit the intended space, and the finish was consistent without adding any extra accessories. This generated row is only for pipeline verification."
1,Synthetic useful book TR0752,"Synthetic smoke review TR0752. The book performed reliably, and the packaging protected every part while following the included directions. This generated row is only for pipeline verification."
0,Synthetic unsuitable headphones TR0753,"Synthetic smoke review TR0753. The headphones did not fit the intended space, and the instructions were unclear after several routine checks. This generated row is only for pipeline verification."
1,Synthetic useful speaker TR0754,"Synthetic smoke review TR0754. The speaker performed reliably, and the materials felt appropriate while following the included directions. This generated row is only for pipeline verification."
0,Synthetic unsuitable mug TR0755,"Synthetic smoke review TR0755. The mug was difficult to set up, and the instructions were unclear during a short household trial. This generated row is only for pipeline verification."
1,Synthetic useful notebook TR0756,"Synthetic smoke review TR0756. The notebook performed reliably, and the materials felt appropriate without adding any extra accessories. This generated row is only for pipeline verification."
0,Synthetic unsuitable charger TR0757,"Synthetic smoke review TR0757. The charger was difficult to set up, and the materials felt unsuitable without adding any extra accessories. This generated row is only for pipeline verification."
1,Synthetic useful case TR0758,"Synthetic smoke review TR0758. The case was simple to set up, and the packaging protected every part under ordinary indoor use. This generated row is only for pipeline verification."
1,Synthetic useful notebook TR0759,"Synthetic smoke review TR0759. The notebook was simple to set up, and the packaging protected every part during a short household trial. This generated row is only for pipeline verification."
1,Synthetic useful speaker TR0760,"Synthetic smoke review TR0760. The speaker arrived in good condition, and the packaging protected every part while following the included directions. This generated row is only for pipeline verification."
0,Synthetic unsuitable cable TR0761,"Synthetic smoke review TR0761. The cable felt fragile, and the controls were unresponsive after several routine checks. This generated row is only for pipeline verification."
1,Synthetic useful speaker TR0762,"Synthetic smoke review TR0762. The speaker performed reliably, and the finish was consistent under ordinary indoor use. This generated row is only for pipeline verification."
1,Synthetic useful headphones TR0763,"Synthetic smoke review TR0763. The headphones was simple to set up, and the controls were responsive while following the included directions. This generated row is only for pipeline verification."
1,Synthetic useful mug TR0764,"Synthetic smoke review TR0764. The mug arrived in good condition, and the finish was consistent during a short household trial. This generated row is only for pipeline verification."
0,Synthetic unsuitable cable TR0765,"Synthetic smoke review TR0765. The cable felt fragile, and the dimensions did not match the listing after several routine checks. This generated row is only for pipeline verification."
1,Synthetic useful organizer TR0766,"Synthetic smoke review TR0766. The organizer performed reliably, and the dimensions matched the listing during a short household trial. This generated row is only for pipeline verification."
0,Synthetic unsuitable charger TR0767,"Synthetic smoke review TR0767. The charger did not work as described, and the packaging left a part exposed while following the included directions. This generated row is only for pipeline verification."
0,Synthetic unsuitable lamp TR0768,"Synthetic smoke review TR0768. The lamp arrived in poor condition, and the dimensions did not match the listing under ordinary indoor use. This generated row is only for pipeline verification."
0,Synthetic unsuitable speaker TR0769,"Synthetic smoke review TR0769. The speaker felt fragile, and the finish was uneven while following the included directions. This generated row is only for pipeline verification."
0,Synthetic unsuitable organizer TR0770,"Synthetic smoke review TR0770. The organizer performed inconsistently, and the instructions were unclear without adding any extra accessories. This generated row is only for pipeline verification."
0,Synthetic unsuitable mug TR0771,"Synthetic smoke review TR0771. The mug was difficult to set up, and the packaging left a part exposed after several routine checks. This generated row is only for pipeline verification."
1,Synthetic useful notebook TR0772,"Synthetic smoke review TR0772. The notebook performed reliably, and the dimensions matched the listing while following the included directions. This generated row is only for pipeline verification."
0,Synthetic unsuitable charger TR0773,"Synthetic smoke review TR0773. The charger performed inconsistently, and the materials felt unsuitable while following the included directions. This generated row is only for pipeline verification."
0,Synthetic unsuitable mug TR0774,"Synthetic smoke review TR0774. The mug did not work as described, and the packaging left a part exposed without adding any extra accessories. This generated row is only for pipeline verification."
1,Synthetic useful mug TR0775,"Synthetic smoke review TR0775. The mug was simple to set up, and the materials felt appropriate without adding any extra accessories. This generated row is only for pipeline verification."
1,Synthetic useful book TR0776,"Synthetic smoke review TR0776. The book worked as described, and the materials felt appropriate under ordinary indoor use. This generated row is only for pipeline verification."
1,Synthetic useful notebook TR0777,"Synthetic smoke review TR0777. The notebook worked as described, and the finish was consistent under ordinary indoor use. This generated row is only for pipeline verification."
0,Synthetic unsuitable backpack TR0778,"Synthetic smoke review TR0778. The backpack performed inconsistently, and the materials felt unsuitable during a short household trial. This generated row is only for pipeline verification."
1,Synthetic useful headphones TR0779,"Synthetic smoke review TR0779. The headphones worked as described, and the dimensions matched the listing during a short household trial. This generated row is only for pipeline verification."
1,Synthetic useful case TR0780,"Synthetic smoke review TR0780. The case worked as described, and the controls were responsive after several routine checks. This generated row is only for pipeline verification."
0,Synthetic unsuitable case TR0781,"Synthetic smoke review TR0781. The case did not fit the intended space, and the instructions were unclear after several routine checks. This generated row is only for pipeline verification."
0,Synthetic unsuitable charger TR0782,"Synthetic smoke review TR0782. The charger was difficult to set up, and the controls were unresponsive after several routine checks. This generated row is only for pipeline verification."
0,Synthetic unsuitable mug TR0783,"Synthetic smoke review TR0783. The mug did not work as described, and the materials felt unsuitable under ordinary indoor use. This generated row is only for pipeline verification."
0,Synthetic unsuitable cable TR0784,"Synthetic smoke review TR0784. The cable was difficult to set up, and the packaging left a part exposed under ordinary indoor use. This generated row is only for pipeline verification."
0,Synthetic unsuitable notebook TR0785,"Synthetic smoke review TR0785. The notebook arrived in poor condition, and the dimensions did not match the listing after several routine checks. This generated row is only for pipeline verification."
1,Synthetic useful case TR0786,"Synthetic smoke review TR0786. The case worked as described, and the finish was consistent while following the included directions. This generated row is only for pipeline verification."
0,Synthetic unsuitable cable TR0787,"Synthetic smoke review TR0787. The cable did not work as described, and the finish was uneven while following the included directions. This generated row is only for pipeline verification."
1,Synthetic useful mug TR0788,"Synthetic smoke review TR0788. The mug fit the intended space, and the materials felt appropriate under ordinary indoor use. This generated row is only for pipeline verification."
1,Synthetic useful charger TR0789,"Synthetic smoke review TR0789. The charger worked as described, and the controls were responsive while following the included directions. This generated row is only for pipeline verification."
0,Synthetic unsuitable charger TR0790,"Synthetic smoke review TR0790. The charger did not work as described, and the packaging left a part exposed while following the included directions. This generated row is only for pipeline verification."
1,Synthetic useful backpack TR0791,"Synthetic smoke review TR0791. The backpack was simple to set up, and the controls were responsive after several routine checks. This generated row is only for pipeline verification."
1,Synthetic useful lamp TR0792,"Synthetic smoke review TR0792. The lamp was simple to set up, and the controls were responsive while following the included directions. This generated row is only for pipeline verification."
1,Synthetic useful case TR0793,"Synthetic smoke review TR0793. The case was simple to set up, and the instructions were clear after several routine checks. This generated row is only for pipeline verification."
1,Synthetic useful charger TR0794,"Synthetic smoke review TR0794. The charger worked as described, and the materials felt appropriate during a short household trial. This generated row is only for pipeline verification."
0,Synthetic unsuitable cable TR0795,"Synthetic smoke review TR0795. The cable felt fragile, and the finish was uneven after several routine checks. This generated row is only for pipeline verification."
1,Synthetic useful lamp TR0796,"Synthetic smoke review TR0796. The lamp was simple to set up, and the finish was consistent while following the included directions. This generated row is only for pipeline verification."
0,Synthetic unsuitable notebook TR0797,"Synthetic smoke review TR0797. The notebook did not work as described, and the packaging left a part exposed during a short household trial. This generated row is only for pipeline verification."
0,Synthetic unsuitable mug TR0798,"Synthetic smoke review TR0798. The mug performed inconsistently, and the materials felt unsuitable after several routine checks. This generated row is only for pipeline verification."
1,Synthetic useful organizer TR0799,"Synthetic smoke review TR0799. The organizer felt sturdy, and the materials felt appropriate after several routine checks. This generated row is only for pipeline verification."
0,Synthetic unsuitable speaker TR0800,"Synthetic smoke review TR0800. The speaker did not fit the intended space, and the materials felt unsuitable under ordinary indoor use. This generated row is only for pipeline verification."
1,Synthetic useful adapter TR0801,"Synthetic smoke review TR0801. The adapter worked as described, and the dimensions matched the listing during a short household trial. This generated row is only for pipeline verification."
1,Synthetic useful lamp TR0802,"Synthetic smoke review TR0802. The lamp fit the intended space, and the materials felt appropriate while following the included directions. This generated row is only for pipeline verification."
1,Synthetic useful backpack TR0803,"Synthetic smoke review TR0803. The backpack performed reliably, and the packaging protected every part under ordinary indoor use. This generated row is only for pipeline verification."
0,Synthetic unsuitable charger TR0804,"Synthetic smoke review TR0804. The charger did not work as described, and the packaging left a part exposed while following the included directions. This generated row is only for pipeline verification."
1,Synthetic useful notebook TR0805,"Synthetic smoke review TR0805. The notebook performed reliably, and the finish was consistent under ordinary indoor use. This generated row is only for pipeline verification."
0,Synthetic unsuitable notebook TR0806,"Synthetic smoke review TR0806. The notebook was difficult to set up, and the materials felt unsuitable after several routine checks. This generated row is only for pipeline verification."
0,Synthetic unsuitable headphones TR0807,"Synthetic smoke review TR0807. The headphones did not work as described, and the finish was uneven during a short household trial. This generated row is only for pipeline verification."
0,Synthetic unsuitable adapter TR0808,"Synthetic smoke review TR0808. The adapter arrived in poor condition, and the materials felt unsuitable under ordinary indoor use. This generated row is only for pipeline verification."
1,Synthetic useful organizer TR0809,"Synthetic smoke review TR0809. The organizer felt sturdy, and the packaging protected every part without adding any extra accessories. This generated row is only for pipeline verification."
0,Synthetic unsuitable headphones TR0810,"Synthetic smoke review TR0810. The headphones arrived in poor condition, and the materials felt unsuitable under ordinary indoor use. This generated row is only for pipeline verification."
1,Synthetic useful headphones TR0811,"Synthetic smoke review TR0811. The headphones worked as described, and the packaging protected every part while following the included directions. This generated row is only for pipeline verification."
0,Synthetic unsuitable case TR0812,"Synthetic smoke review TR0812. The case felt fragile, and the finish was uneven without adding any extra accessories. This generated row is only for pipeline verification."
1,Synthetic useful book TR0813,"Synthetic smoke review TR0813. The book was simple to set up, and the finish was consistent without adding any extra accessories. This generated row is only for pipeline verification."
1,Synthetic useful backpack TR0814,"Synthetic smoke review TR0814. The backpack was simple to set up, and the finish was consistent without adding any extra accessories. This generated row is only for pipeline verification."
1,Synthetic useful backpack TR0815,"Synthetic smoke review TR0815. The backpack arrived in good condition, and the finish was consistent while following the included directions. This generated row is only for pipeline verification."
1,Synthetic useful organizer TR0816,"Synthetic smoke review TR0816. The organizer felt sturdy, and the dimensions matched the listing under ordinary indoor use. This generated row is only for pipeline verification."
1,Synthetic useful organizer TR0817,"Synthetic smoke review TR0817. The organizer felt sturdy, and the controls were responsive without adding any extra accessories. This generated row is only for pipeline verification."
1,Synthetic useful book TR0818,"Synthetic smoke review TR0818. The book arrived in good condition, and the packaging protected every part after several routine checks. This generated row is only for pipeline verification."
1,Synthetic useful notebook TR0819,"Synthetic smoke review TR0819. The notebook arrived in good condition, and the finish was consistent under ordinary indoor use. This generated row is only for pipeline verification."
1,Synthetic useful cable TR0820,"Synthetic smoke review TR0820. The cable worked as described, and the dimensions matched the listing under ordinary indoor use. This generated row is only for pipeline verification."
1,Synthetic useful book TR0821,"Synthetic smoke review TR0821. The book worked as described, and the controls were responsive without adding any extra accessories. This generated row is only for pipeline verification."
0,Synthetic unsuitable lamp TR0822,"Synthetic smoke review TR0822. The lamp did not work as described, and the finish was uneven under ordinary indoor use. This generated row is only for pipeline verification."
0,Synthetic unsuitable adapter TR0823,"Synthetic smoke review TR0823. The adapter did not work as described, and the instructions were unclear while following the included directions. This generated row is only for pipeline verification."
0,Synthetic unsuitable case TR0824,"Synthetic smoke review TR0824. The case did not fit the intended space, and the packaging left a part exposed under ordinary indoor use. This generated row is only for pipeline verification."
1,Synthetic useful book TR0825,"Synthetic smoke review TR0825. The book performed reliably, and the instructions were clear without adding any extra accessories. This generated row is only for pipeline verification."
1,Synthetic useful book TR0826,"Synthetic smoke review TR0826. The book felt sturdy, and the controls were responsive after several routine checks. This generated row is only for pipeline verification."
1,Synthetic useful lamp TR0827,"Synthetic smoke review TR0827. The lamp arrived in good condition, and the controls were responsive while following the included directions. This generated row is only for pipeline verification."
0,Synthetic unsuitable organizer TR0828,"Synthetic smoke review TR0828. The organizer performed inconsistently, and the finish was uneven under ordinary indoor use. This generated row is only for pipeline verification."
0,Synthetic unsuitable lamp TR0829,"Synthetic smoke review TR0829. The lamp did not fit the intended space, and the materials felt unsuitable without adding any extra accessories. This generated row is only for pipeline verification."
1,Synthetic useful headphones TR0830,"Synthetic smoke review TR0830. The headphones fit the intended space, and the instructions were clear during a short household trial. This generated row is only for pipeline verification."
0,Synthetic unsuitable backpack TR0831,"Synthetic smoke review TR0831. The backpack did not fit the intended space, and the dimensions did not match the listing after several routine checks. This generated row is only for pipeline verification."
1,Synthetic useful adapter TR0832,"Synthetic smoke review TR0832. The adapter felt sturdy, and the finish was consistent under ordinary indoor use. This generated row is only for pipeline verification."
1,Synthetic useful mug TR0833,"Synthetic smoke review TR0833. The mug worked as described, and the packaging protected every part during a short household trial. This generated row is only for pipeline verification."
1,Synthetic useful headphones TR0834,"Synthetic smoke review TR0834. The headphones worked as described, and the packaging protected every part without adding any extra accessories. This generated row is only for pipeline verification."
0,Synthetic unsuitable organizer TR0835,"Synthetic smoke review TR0835. The organizer felt fragile, and the packaging left a part exposed after several routine checks. This generated row is only for pipeline verification."
1,Synthetic useful case TR0836,"Synthetic smoke review TR0836. The case worked as described, and the dimensions matched the listing during a short household trial. This generated row is only for pipeline verification."
1,Synthetic useful backpack TR0837,"Synthetic smoke review TR0837. The backpack fit the intended space, and the materials felt appropriate after several routine checks. This generated row is only for pipeline verification."
0,Synthetic unsuitable mug TR0838,"Synthetic smoke review TR0838. The mug arrived in poor condition, and the materials felt unsuitable during a short household trial. This generated row is only for pipeline verification."
0,Synthetic unsuitable headphones TR0839,"Synthetic smoke review TR0839. The headphones did not fit the intended space, and the dimensions did not match the listing while following the included directions. This generated row is only for pipeline verification."
0,Synthetic unsuitable lamp TR0840,"Synthetic smoke review TR0840. The lamp did not fit the intended space, and the dimensions did not match the listing without adding any extra accessories. This generated row is only for pipeline verification."
1,Synthetic useful backpack TR0841,"Synthetic smoke review TR0841. The backpack fit the intended space, and the finish was consistent while following the included directions. This generated row is only for pipeline verification."
1,Synthetic useful notebook TR0842,"Synthetic smoke review TR0842. The notebook performed reliably, and the packaging protected every part during a short household trial. This generated row is only for pipeline verification."
1,Synthetic useful notebook TR0843,"Synthetic smoke review TR0843. The notebook worked as described, and the instructions were clear without adding any extra accessories. This generated row is only for pipeline verification."
0,Synthetic unsuitable organizer TR0844,"Synthetic smoke review TR0844. The organizer performed inconsistently, and the materials felt unsuitable under ordinary indoor use. This generated row is only for pipeline verification."
1,Synthetic useful notebook TR0845,"Synthetic smoke review TR0845. The notebook performed reliably, and the dimensions matched the listing while following the included directions. This generated row is only for pipeline verification."
0,Synthetic unsuitable cable TR0846,"Synthetic smoke review TR0846. The cable performed inconsistently, and the materials felt unsuitable during a short household trial. This generated row is only for pipeline verification."
1,Synthetic useful charger TR0847,"Synthetic smoke review TR0847. The charger was simple to set up, and the materials felt appropriate while following the included directions. This generated row is only for pipeline verification."
1,Synthetic useful speaker TR0848,"Synthetic smoke review TR0848. The speaker arrived in good condition, and the packaging protected every part after several routine checks. This generated row is only for pipeline verification."
0,Synthetic unsuitable lamp TR0849,"Synthetic smoke review TR0849. The lamp did not work as described, and the dimensions did not match the listing while following the included directions. This generated row is only for pipeline verification."
1,Synthetic useful adapter TR0850,"Synthetic smoke review TR0850. The adapter performed reliably, and the controls were responsive under ordinary indoor use. This generated row is only for pipeline verification."
0,Synthetic unsuitable headphones TR0851,"Synthetic smoke review TR0851. The headphones arrived in poor condition, and the packaging left a part exposed under ordinary indoor use. This generated row is only for pipeline verification."
0,Synthetic unsuitable adapter TR0852,"Synthetic smoke review TR0852. The adapter was difficult to set up, and the finish was uneven under ordinary indoor use. This generated row is only for pipeline verification."
0,Synthetic unsuitable charger TR0853,"Synthetic smoke review TR0853. The charger arrived in poor condition, and the instructions were unclear after several routine checks. This generated row is only for pipeline verification."
0,Synthetic unsuitable adapter TR0854,"Synthetic smoke review TR0854. The adapter performed inconsistently, and the controls were unresponsive under ordinary indoor use. This generated row is only for pipeline verification."
1,Synthetic useful book TR0855,"Synthetic smoke review TR0855. The book fit the intended space, and the dimensions matched the listing after several routine checks. This generated row is only for pipeline verification."
1,Synthetic useful cable TR0856,"Synthetic smoke review TR0856. The cable felt sturdy, and the instructions were clear after several routine checks. This generated row is only for pipeline verification."
0,Synthetic unsuitable headphones TR0857,"Synthetic smoke review TR0857. The headphones felt fragile, and the instructions were unclear after several routine checks. This generated row is only for pipeline verification."
1,Synthetic useful mug TR0858,"Synthetic smoke review TR0858. The mug felt sturdy, and the instructions were clear without adding any extra accessories. This generated row is only for pipeline verification."
1,Synthetic useful notebook TR0859,"Synthetic smoke review TR0859. The notebook felt sturdy, and the controls were responsive during a short household trial. This generated row is only for pipeline verification."
0,Synthetic unsuitable organizer TR0860,"Synthetic smoke review TR0860. The organizer did not work as described, and the instructions were unclear after several routine checks. This generated row is only for pipeline verification."
1,Synthetic useful mug TR0861,"Synthetic smoke review TR0861. The mug performed reliably, and the dimensions matched the listing while following the included directions. This generated row is only for pipeline verification."
0,Synthetic unsuitable case TR0862,"Synthetic smoke review TR0862. The case was difficult to set up, and the finish was uneven while following the included directions. This generated row is only for pipeline verification."
1,Synthetic useful speaker TR0863,"Synthetic smoke review TR0863. The speaker arrived in good condition, and the dimensions matched the listing after several routine checks. This generated row is only for pipeline verification."
0,Synthetic unsuitable notebook TR0864,"Synthetic smoke review TR0864. The notebook did not work as described, and the packaging left a part exposed after several routine checks. This generated row is only for pipeline verification."
1,Synthetic useful book TR0865,"Synthetic smoke review TR0865. The book was simple to set up, and the finish was consistent under ordinary indoor use. This generated row is only for pipeline verification."
0,Synthetic unsuitable charger TR0866,"Synthetic smoke review TR0866. The charger felt fragile, and the finish was uneven without adding any extra accessories. This generated row is only for pipeline verification."
0,Synthetic unsuitable charger TR0867,"Synthetic smoke review TR0867. The charger felt fragile, and the materials felt unsuitable without adding any extra accessories. This generated row is only for pipeline verification."
1,Synthetic useful cable TR0868,"Synthetic smoke review TR0868. The cable felt sturdy, and the materials felt appropriate without adding any extra accessories. This generated row is only for pipeline verification."
1,Synthetic useful backpack TR0869,"Synthetic smoke review TR0869. The backpack performed reliably, and the dimensions matched the listing during a short household trial. This generated row is only for pipeline verification."
1,Synthetic useful adapter TR0870,"Synthetic smoke review TR0870. The adapter felt sturdy, and the controls were responsive without adding any extra accessories. This generated row is only for pipeline verification."
1,Synthetic useful backpack TR0871,"Synthetic smoke review TR0871. The backpack felt sturdy, and the packaging protected every part under ordinary indoor use. This generated row is only for pipeline verification."
1,Synthetic useful case TR0872,"Synthetic smoke review TR0872. The case performed reliably, and the materials felt appropriate after several routine checks. This generated row is only for pipeline verification."
0,Synthetic unsuitable lamp TR0873,"Synthetic smoke review TR0873. The lamp arrived in poor condition, and the materials felt unsuitable after several routine checks. This generated row is only for pipeline verification."
0,Synthetic unsuitable adapter TR0874,"Synthetic smoke review TR0874. The adapter performed inconsistently, and the controls were unresponsive while following the included directions. This generated row is only for pipeline verification."
1,Synthetic useful backpack TR0875,"Synthetic smoke review TR0875. The backpack was simple to set up, and the dimensions matched the listing without adding any extra accessories. This generated row is only for pipeline verification."
0,Synthetic unsuitable adapter TR0876,"Synthetic smoke review TR0876. The adapter performed inconsistently, and the instructions were unclear while following the included directions. This generated row is only for pipeline verification."
1,Synthetic useful organizer TR0877,"Synthetic smoke review TR0877. The organizer felt sturdy, and the materials felt appropriate without adding any extra accessories. This generated row is only for pipeline verification."
0,Synthetic unsuitable backpack TR0878,"Synthetic smoke review TR0878. The backpack was difficult to set up, and the controls were unresponsive after several routine checks. This generated row is only for pipeline verification."
0,Synthetic unsuitable book TR0879,"Synthetic smoke review TR0879. The book did not work as described, and the finish was uneven without adding any extra accessories. This generated row is only for pipeline verification."
0,Synthetic unsuitable organizer TR0880,"Synthetic smoke review TR0880. The organizer arrived in poor condition, and the materials felt unsuitable under ordinary indoor use. This generated row is only for pipeline verification."
0,Synthetic unsuitable case TR0881,"Synthetic smoke review TR0881. The case did not work as described, and the controls were unresponsive under ordinary indoor use. This generated row is only for pipeline verification."
0,Synthetic unsuitable backpack TR0882,"Synthetic smoke review TR0882. The backpack did not work as described, and the instructions were unclear during a short household trial. This generated row is only for pipeline verification."
0,Synthetic unsuitable charger TR0883,"Synthetic smoke review TR0883. The charger did not work as described, and the finish was uneven after several routine checks. This generated row is only for pipeline verification."
1,Synthetic useful backpack TR0884,"Synthetic smoke review TR0884. The backpack felt sturdy, and the materials felt appropriate after several routine checks. This generated row is only for pipeline verification."
0,Synthetic unsuitable backpack TR0885,"Synthetic smoke review TR0885. The backpack did not work as described, and the dimensions did not match the listing while following the included directions. This generated row is only for pipeline verification."
0,Synthetic unsuitable lamp TR0886,"Synthetic smoke review TR0886. The lamp performed inconsistently, and the instructions were unclear after several routine checks. This generated row is only for pipeline verification."
1,Synthetic useful cable TR0887,"Synthetic smoke review TR0887. The cable worked as described, and the materials felt appropriate under ordinary indoor use. This generated row is only for pipeline verification."
1,Synthetic useful adapter TR0888,"Synthetic smoke review TR0888. The adapter felt sturdy, and the materials felt appropriate after several routine checks. This generated row is only for pipeline verification."
1,Synthetic useful adapter TR0889,"Synthetic smoke review TR0889. The adapter fit the intended space, and the dimensions matched the listing while following the included directions. This generated row is only for pipeline verification."
0,Synthetic unsuitable cable TR0890,"Synthetic smoke review TR0890. The cable did not work as described, and the materials felt unsuitable without adding any extra accessories. This generated row is only for pipeline verification."
0,Synthetic unsuitable lamp TR0891,"Synthetic smoke review TR0891. The lamp felt fragile, and the dimensions did not match the listing without adding any extra accessories. This generated row is only for pipeline verification."
1,Synthetic useful notebook TR0892,"Synthetic smoke review TR0892. The notebook felt sturdy, and the dimensions matched the listing during a short household trial. This generated row is only for pipeline verification."
1,Synthetic useful headphones TR0893,"Synthetic smoke review TR0893. The headphones was simple to set up, and the dimensions matched the listing under ordinary indoor use. This generated row is only for pipeline verification."
1,Synthetic useful headphones TR0894,"Synthetic smoke review TR0894. The headphones fit the intended space, and the materials felt appropriate while following the included directions. This generated row is only for pipeline verification."
1,Synthetic useful charger TR0895,"Synthetic smoke review TR0895. The charger performed reliably, and the controls were responsive during a short household trial. This generated row is only for pipeline verification."
1,Synthetic useful adapter TR0896,"Synthetic smoke review TR0896. The adapter performed reliably, and the instructions were clear after several routine checks. This generated row is only for pipeline verification."
0,Synthetic unsuitable organizer TR0897,"Synthetic smoke review TR0897. The organizer was difficult to set up, and the controls were unresponsive during a short household trial. This generated row is only for pipeline verification."
1,Synthetic useful case TR0898,"Synthetic smoke review TR0898. The case felt sturdy, and the dimensions matched the listing after several routine checks. This generated row is only for pipeline verification."
0,Synthetic unsuitable cable TR0899,"Synthetic smoke review TR0899. The cable was difficult to set up, and the materials felt unsuitable without adding any extra accessories. This generated row is only for pipeline verification."
1,Synthetic useful speaker TR0900,"Synthetic smoke review TR0900. The speaker fit the intended space, and the materials felt appropriate without adding any extra accessories. This generated row is only for pipeline verification."
0,Synthetic unsuitable adapter TR0901,"Synthetic smoke review TR0901. The adapter did not fit the intended space, and the instructions were unclear while following the included directions. This generated row is only for pipeline verification."
1,Synthetic useful book TR0902,"Synthetic smoke review TR0902. The book was simple to set up, and the instructions were clear without adding any extra accessories. This generated row is only for pipeline verification."
1,Synthetic useful case TR0903,"Synthetic smoke review TR0903. The case arrived in good condition, and the dimensions matched the listing after several routine checks. This generated row is only for pipeline verification."
1,Synthetic useful notebook TR0904,"Synthetic smoke review TR0904. The notebook felt sturdy, and the finish was consistent under ordinary indoor use. This generated row is only for pipeline verification."
0,Synthetic unsuitable cable TR0905,"Synthetic smoke review TR0905. The cable was difficult to set up, and the materials felt unsuitable during a short household trial. This generated row is only for pipeline verification."
0,Synthetic unsuitable case TR0906,"Synthetic smoke review TR0906. The case was difficult to set up, and the finish was uneven without adding any extra accessories. This generated row is only for pipeline verification."
0,Synthetic unsuitable lamp TR0907,"Synthetic smoke review TR0907. The lamp was difficult to set up, and the instructions were unclear under ordinary indoor use. This generated row is only for pipeline verification."
0,Synthetic unsuitable adapter TR0908,"Synthetic smoke review TR0908. The adapter was difficult to set up, and the packaging left a part exposed after several routine checks. This generated row is only for pipeline verification."
1,Synthetic useful cable TR0909,"Synthetic smoke review TR0909. The cable arrived in good condition, and the materials felt appropriate under ordinary indoor use. This generated row is only for pipeline verification."
1,Synthetic useful cable TR0910,"Synthetic smoke review TR0910. The cable performed reliably, and the instructions were clear under ordinary indoor use. This generated row is only for pipeline verification."
0,Synthetic unsuitable adapter TR0911,"Synthetic smoke review TR0911. The adapter arrived in poor condition, and the materials felt unsuitable without adding any extra accessories. This generated row is only for pipeline verification."
0,Synthetic unsuitable backpack TR0912,"Synthetic smoke review TR0912. The backpack did not fit the intended space, and the controls were unresponsive under ordinary indoor use. This generated row is only for pipeline verification."
1,Synthetic useful backpack TR0913,"Synthetic smoke review TR0913. The backpack was simple to set up, and the instructions were clear during a short household trial. This generated row is only for pipeline verification."
0,Synthetic unsuitable lamp TR0914,"Synthetic smoke review TR0914. The lamp performed inconsistently, and the controls were unresponsive during a short household trial. This generated row is only for pipeline verification."
1,Synthetic useful case TR0915,"Synthetic smoke review TR0915. The case was simple to set up, and the materials felt appropriate after several routine checks. This generated row is only for pipeline verification."
1,Synthetic useful case TR0916,"Synthetic smoke review TR0916. The case performed reliably, and the materials felt appropriate without adding any extra accessories. This generated row is only for pipeline verification."
0,Synthetic unsuitable organizer TR0917,"Synthetic smoke review TR0917. The organizer did not fit the intended space, and the dimensions did not match the listing without adding any extra accessories. This generated row is only for pipeline verification."
0,Synthetic unsuitable case TR0918,"Synthetic smoke review TR0918. The case was difficult to set up, and the materials felt unsuitable while following the included directions. This generated row is only for pipeline verification."
1,Synthetic useful headphones TR0919,"Synthetic smoke review TR0919. The headphones performed reliably, and the finish was consistent under ordinary indoor use. This generated row is only for pipeline verification."
0,Synthetic unsuitable lamp TR0920,"Synthetic smoke review TR0920. The lamp felt fragile, and the finish was uneven without adding any extra accessories. This generated row is only for pipeline verification."
1,Synthetic useful mug TR0921,"Synthetic smoke review TR0921. The mug felt sturdy, and the finish was consistent under ordinary indoor use. This generated row is only for pipeline verification."
1,Synthetic useful notebook TR0922,"Synthetic smoke review TR0922. The notebook arrived in good condition, and the packaging protected every part during a short household trial. This generated row is only for pipeline verification."
0,Synthetic unsuitable book TR0923,"Synthetic smoke review TR0923. The book performed inconsistently, and the instructions were unclear without adding any extra accessories. This generated row is only for pipeline verification."
1,Synthetic useful book TR0924,"Synthetic smoke review TR0924. The book was simple to set up, and the finish was consistent without adding any extra accessories. This generated row is only for pipeline verification."
0,Synthetic unsuitable organizer TR0925,"Synthetic smoke review TR0925. The organizer felt fragile, and the controls were unresponsive during a short household trial. This generated row is only for pipeline verification."
1,Synthetic useful headphones TR0926,"Synthetic smoke review TR0926. The headphones was simple to set up, and the finish was consistent under ordinary indoor use. This generated row is only for pipeline verification."
0,Synthetic unsuitable mug TR0927,"Synthetic smoke review TR0927. The mug was difficult to set up, and the dimensions did not match the listing after several routine checks. This generated row is only for pipeline verification."
0,Synthetic unsuitable case TR0928,"Synthetic smoke review TR0928. The case did not work as described, and the packaging left a part exposed without adding any extra accessories. This generated row is only for pipeline verification."
0,Synthetic unsuitable book TR0929,"Synthetic smoke review TR0929. The book did not fit the intended space, and the finish was uneven without adding any extra accessories. This generated row is only for pipeline verification."
1,Synthetic useful adapter TR0930,"Synthetic smoke review TR0930. The adapter fit the intended space, and the materials felt appropriate during a short household trial. This generated row is only for pipeline verification."
1,Synthetic useful case TR0931,"Synthetic smoke review TR0931. The case fit the intended space, and the packaging protected every part after several routine checks. This generated row is only for pipeline verification."
0,Synthetic unsuitable book TR0932,"Synthetic smoke review TR0932. The book arrived in poor condition, and the packaging left a part exposed during a short household trial. This generated row is only for pipeline verification."
1,Synthetic useful lamp TR0933,"Synthetic smoke review TR0933. The lamp was simple to set up, and the materials felt appropriate during a short household trial. This generated row is only for pipeline verification."
0,Synthetic unsuitable book TR0934,"Synthetic smoke review TR0934. The book was difficult to set up, and the controls were unresponsive under ordinary indoor use. This generated row is only for pipeline verification."
0,Synthetic unsuitable charger TR0935,"Synthetic smoke review TR0935. The charger arrived in poor condition, and the instructions were unclear under ordinary indoor use. This generated row is only for pipeline verification."
0,Synthetic unsuitable speaker TR0936,"Synthetic smoke review TR0936. The speaker felt fragile, and the finish was uneven under ordinary indoor use. This generated row is only for pipeline verification."
0,Synthetic unsuitable lamp TR0937,"Synthetic smoke review TR0937. The lamp did not fit the intended space, and the finish was uneven under ordinary indoor use. This generated row is only for pipeline verification."
0,Synthetic unsuitable case TR0938,"Synthetic smoke review TR0938. The case did not work as described, and the finish was uneven during a short household trial. This generated row is only for pipeline verification."
1,Synthetic useful mug TR0939,"Synthetic smoke review TR0939. The mug felt sturdy, and the finish was consistent under ordinary indoor use. This generated row is only for pipeline verification."
0,Synthetic unsuitable adapter TR0940,"Synthetic smoke review TR0940. The adapter felt fragile, and the dimensions did not match the listing while following the included directions. This generated row is only for pipeline verification."
1,Synthetic useful speaker TR0941,"Synthetic smoke review TR0941. The speaker was simple to set up, and the dimensions matched the listing after several routine checks. This generated row is only for pipeline verification."
0,Synthetic unsuitable notebook TR0942,"Synthetic smoke review TR0942. The notebook performed inconsistently, and the packaging left a part exposed under ordinary indoor use. This generated row is only for pipeline verification."
1,Synthetic useful cable TR0943,"Synthetic smoke review TR0943. The cable was simple to set up, and the packaging protected every part without adding any extra accessories. This generated row is only for pipeline verification."
0,Synthetic unsuitable book TR0944,"Synthetic smoke review TR0944. The book felt fragile, and the finish was uneven without adding any extra accessories. This generated row is only for pipeline verification."
0,Synthetic unsuitable lamp TR0945,"Synthetic smoke review TR0945. The lamp was difficult to set up, and the dimensions did not match the listing while following the included directions. This generated row is only for pipeline verification."
1,Synthetic useful mug TR0946,"Synthetic smoke review TR0946. The mug performed reliably, and the packaging protected every part during a short household trial. This generated row is only for pipeline verification."
1,Synthetic useful speaker TR0947,"Synthetic smoke review TR0947. The speaker felt sturdy, and the finish was consistent while following the included directions. This generated row is only for pipeline verification."
1,Synthetic useful book TR0948,"Synthetic smoke review TR0948. The book performed reliably, and the dimensions matched the listing during a short household trial. This generated row is only for pipeline verification."
0,Synthetic unsuitable mug TR0949,"Synthetic smoke review TR0949. The mug felt fragile, and the finish was uneven after several routine checks. This generated row is only for pipeline verification."
1,Synthetic useful headphones TR0950,"Synthetic smoke review TR0950. The headphones was simple to set up, and the instructions were clear after several routine checks. This generated row is only for pipeline verification."
1,Synthetic useful adapter TR0951,"Synthetic smoke review TR0951. The adapter worked as described, and the controls were responsive while following the included directions. This generated row is only for pipeline verification."
1,Synthetic useful book TR0952,"Synthetic smoke review TR0952. The book fit the intended space, and the packaging protected every part after several routine checks. This generated row is only for pipeline verification."
0,Synthetic unsuitable cable TR0953,"Synthetic smoke review TR0953. The cable did not work as described, and the finish was uneven under ordinary indoor use. This generated row is only for pipeline verification."
1,Synthetic useful organizer TR0954,"Synthetic smoke review TR0954. The organizer arrived in good condition, and the packaging protected every part while following the included directions. This generated row is only for pipeline verification."
0,Synthetic unsuitable adapter TR0955,"Synthetic smoke review TR0955. The adapter did not work as described, and the finish was uneven under ordinary indoor use. This generated row is only for pipeline verification."
1,Synthetic useful speaker TR0956,"Synthetic smoke review TR0956. The speaker arrived in good condition, and the materials felt appropriate after several routine checks. This generated row is only for pipeline verification."
1,Synthetic useful cable TR0957,"Synthetic smoke review TR0957. The cable performed reliably, and the packaging protected every part during a short household trial. This generated row is only for pipeline verification."
0,Synthetic unsuitable mug TR0958,"Synthetic smoke review TR0958. The mug was difficult to set up, and the packaging left a part exposed while following the included directions. This generated row is only for pipeline verification."
0,Synthetic unsuitable cable TR0959,"Synthetic smoke review TR0959. The cable did not work as described, and the packaging left a part exposed under ordinary indoor use. This generated row is only for pipeline verification."
1,Synthetic useful notebook TR0960,"Synthetic smoke review TR0960. The notebook worked as described, and the finish was consistent after several routine checks. This generated row is only for pipeline verification."
1,Synthetic useful backpack TR0961,"Synthetic smoke review TR0961. The backpack was simple to set up, and the finish was consistent during a short household trial. This generated row is only for pipeline verification."
0,Synthetic unsuitable cable TR0962,"Synthetic smoke review TR0962. The cable did not work as described, and the dimensions did not match the listing while following the included directions. This generated row is only for pipeline verification."
0,Synthetic unsuitable book TR0963,"Synthetic smoke review TR0963. The book felt fragile, and the controls were unresponsive under ordinary indoor use. This generated row is only for pipeline verification."
1,Synthetic useful speaker TR0964,"Synthetic smoke review TR0964. The speaker performed reliably, and the instructions were clear during a short household trial. This generated row is only for pipeline verification."
0,Synthetic unsuitable case TR0965,"Synthetic smoke review TR0965. The case felt fragile, and the packaging left a part exposed after several routine checks. This generated row is only for pipeline verification."
1,Synthetic useful speaker TR0966,"Synthetic smoke review TR0966. The speaker was simple to set up, and the controls were responsive while following the included directions. This generated row is only for pipeline verification."
0,Synthetic unsuitable charger TR0967,"Synthetic smoke review TR0967. The charger performed inconsistently, and the dimensions did not match the listing after several routine checks. This generated row is only for pipeline verification."
1,Synthetic useful case TR0968,"Synthetic smoke review TR0968. The case felt sturdy, and the materials felt appropriate while following the included directions. This generated row is only for pipeline verification."
1,Synthetic useful backpack TR0969,"Synthetic smoke review TR0969. The backpack performed reliably, and the finish was consistent during a short household trial. This generated row is only for pipeline verification."
0,Synthetic unsuitable case TR0970,"Synthetic smoke review TR0970. The case arrived in poor condition, and the finish was uneven while following the included directions. This generated row is only for pipeline verification."
1,Synthetic useful adapter TR0971,"Synthetic smoke review TR0971. The adapter was simple to set up, and the finish was consistent after several routine checks. This generated row is only for pipeline verification."
1,Synthetic useful cable TR0972,"Synthetic smoke review TR0972. The cable was simple to set up, and the packaging protected every part under ordinary indoor use. This generated row is only for pipeline verification."
0,Synthetic unsuitable case TR0973,"Synthetic smoke review TR0973. The case did not fit the intended space, and the dimensions did not match the listing under ordinary indoor use. This generated row is only for pipeline verification."
1,Synthetic useful mug TR0974,"Synthetic smoke review TR0974. The mug fit the intended space, and the packaging protected every part after several routine checks. This generated row is only for pipeline verification."
0,Synthetic unsuitable headphones TR0975,"Synthetic smoke review TR0975. The headphones did not work as described, and the finish was uneven while following the included directions. This generated row is only for pipeline verification."
1,Synthetic useful backpack TR0976,"Synthetic smoke review TR0976. The backpack performed reliably, and the controls were responsive without adding any extra accessories. This generated row is only for pipeline verification."
0,Synthetic unsuitable backpack TR0977,"Synthetic smoke review TR0977. The backpack did not work as described, and the packaging left a part exposed during a short household trial. This generated row is only for pipeline verification."
1,Synthetic useful headphones TR0978,"Synthetic smoke review TR0978. The headphones fit the intended space, and the materials felt appropriate after several routine checks. This generated row is only for pipeline verification."
1,Synthetic useful headphones TR0979,"Synthetic smoke review TR0979. The headphones fit the intended space, and the finish was consistent under ordinary indoor use. This generated row is only for pipeline verification."
1,Synthetic useful case TR0980,"Synthetic smoke review TR0980. The case felt sturdy, and the materials felt appropriate during a short household trial. This generated row is only for pipeline verification."
0,Synthetic unsuitable adapter TR0981,"Synthetic smoke review TR0981. The adapter was difficult to set up, and the finish was uneven without adding any extra accessories. This generated row is only for pipeline verification."
1,Synthetic useful organizer TR0982,"Synthetic smoke review TR0982. The organizer fit the intended space, and the dimensions matched the listing without adding any extra accessories. This generated row is only for pipeline verification."
0,Synthetic unsuitable adapter TR0983,"Synthetic smoke review TR0983. The adapter performed inconsistently, and the instructions were unclear under ordinary indoor use. This generated row is only for pipeline verification."
1,Synthetic useful speaker TR0984,"Synthetic smoke review TR0984. The speaker was simple to set up, and the finish was consistent after several routine checks. This generated row is only for pipeline verification."
0,Synthetic unsuitable mug TR0985,"Synthetic smoke review TR0985. The mug did not work as described, and the dimensions did not match the listing during a short household trial. This generated row is only for pipeline verification."
1,Synthetic useful backpack TR0986,"Synthetic smoke review TR0986. The backpack worked as described, and the packaging protected every part during a short household trial. This generated row is only for pipeline verification."
1,Synthetic useful lamp TR0987,"Synthetic smoke review TR0987. The lamp performed reliably, and the packaging protected every part while following the included directions. This generated row is only for pipeline verification."
0,Synthetic unsuitable adapter TR0988,"Synthetic smoke review TR0988. The adapter arrived in poor condition, and the instructions were unclear during a short household trial. This generated row is only for pipeline verification."
1,Synthetic useful notebook TR0989,"Synthetic smoke review TR0989. The notebook performed reliably, and the packaging protected every part after several routine checks. This generated row is only for pipeline verification."
1,Synthetic useful case TR0990,"Synthetic smoke review TR0990. The case felt sturdy, and the controls were responsive during a short household trial. This generated row is only for pipeline verification."
1,Synthetic useful organizer TR0991,"Synthetic smoke review TR0991. The organizer performed reliably, and the dimensions matched the listing while following the included directions. This generated row is only for pipeline verification."
0,Synthetic unsuitable book TR0992,"Synthetic smoke review TR0992. The book did not fit the intended space, and the materials felt unsuitable under ordinary indoor use. This generated row is only for pipeline verification."
0,Synthetic unsuitable mug TR0993,"Synthetic smoke review TR0993. The mug was difficult to set up, and the dimensions did not match the listing during a short household trial. This generated row is only for pipeline verification."
0,Synthetic unsuitable organizer TR0994,"Synthetic smoke review TR0994. The organizer felt fragile, and the materials felt unsuitable during a short household trial. This generated row is only for pipeline verification."
0,Synthetic unsuitable notebook TR0995,"Synthetic smoke review TR0995. The notebook felt fragile, and the materials felt unsuitable without adding any extra accessories. This generated row is only for pipeline verification."
1,Synthetic useful organizer TR0996,"Synthetic smoke review TR0996. The organizer was simple to set up, and the dimensions matched the listing under ordinary indoor use. This generated row is only for pipeline verification."
1,Synthetic useful book TR0997,"Synthetic smoke review TR0997. The book performed reliably, and the packaging protected every part under ordinary indoor use. This generated row is only for pipeline verification."
0,Synthetic unsuitable mug TR0998,"Synthetic smoke review TR0998. The mug arrived in poor condition, and the materials felt unsuitable after several routine checks. This generated row is only for pipeline verification."
1,Synthetic useful speaker TR0999,"Synthetic smoke review TR0999. The speaker fit the intended space, and the dimensions matched the listing after several routine checks. This generated row is only for pipeline verification."
